ID,name,name_tw,level,maxHP,maxMP,speed,physicalDamage,physicalDefense,magicDamage,magicDefense,accuracy,evasion,exp,minimumPushDamage,isBoss,foundAt,drop
100100,Snail,嫩寶,1,8,0,-65,12,0,0,0,20,0,3,1,FALSE,"小樹林
嫩寶狩獵場Ⅱ
石巨人寺院入口
石巨人的寺院1
森林的起始點
大木林Ⅱ
和風鄰近的地方
巨大的樹木
北部森林空地
小樹森林
猴子森林
嫩寶狩獵場Ⅲ
黑肥肥領土
沿著軌道
轉乘區
危險的黑鱷魚
海岸草叢Ⅰ
海岸草叢Ⅱ
海岸草叢Ⅲ
維多利亞港外圍
海岸狩獵場
六條岔道
大菇菇
弓箭手訓練場Ⅱ
另一扇門
黑森林狩獵場I
黑森林狩獵場II
龍穴
楓葉村
楓葉村民家
楓葉村雜貨店
小嫩寶
嫩寶花園
番茄園","頭盔防禦卷軸10%
箭矢
弩箭矢
披風防禦力卷軸60%
綠髮帶
石榴石母礦
紅色藥水
嫩寶殼
青蘋果
青銅母礦"
100101,Blue Snail,藍寶,2,15,15,-50,17,0,0,0,20,0,4,1,FALSE,"嫩寶狩獵場Ⅱ
嫩寶狩獵場Ⅲ
嫩寶花園
番茄園
弓箭手村北邊山丘
藍菇菇樹林
巨大的樹木
猴子森林
勇士之村南部
黑肥肥領土
墮落城市北入口
大菇菇
小心墜落
地鐵售票處
沿著軌道
轉乘區
沼澤地
野生鱷魚沼地
危險的黑鱷魚
維多利亞港郊外
海岸草叢Ⅰ
維多利亞港外圍
楓之港西郊平原
肥肥海岸
海岸狩獵場
六條岔道
弓箭手村西部小山
弓箭手訓練場Ⅰ
弓箭手訓練場Ⅱ
弓箭手訓練場Ⅲ
幽深的峽谷Ⅰ
迷宮通道
楓葉村
楓葉村武器店
楓葉村民家
小嫩寶
草叢狩獵場Ⅰ
草叢狩獵場Ⅱ","箭矢
弩箭矢
披風生命卷軸100%
灰修煉服
灰修煉褲
灰色橡膠褲
紫水晶母礦
紅色藥水
藍寶殼
鋼鐵母礦
青蘋果
黃紅短T"
120100,Shroom,菇菇仔,2,20,15,-30,17,0,0,0,30,0,5,1,FALSE,"大菇菇
楓葉村
沼澤地
野生鱷魚沼地
海岸狩獵場
菇菇山
弓箭手訓練場Ⅰ
迷宮通道
楓葉村武器店
楓葉村雜貨店
草叢狩獵場Ⅱ
弓箭手村北邊山丘
地鐵售票處
沿著軌道
轉乘區","藍馬褲
褐色洛基頭巾
箭矢
弩箭矢
戰鬥短刀
披風生命卷軸60%
海藍石母礦
破爛牛仔褲
紅色藥水
綠色旅行裙
蘑菇芽孢
鋰礦石母礦
青蘋果"
130100,Stump,木妖,4,45,30,-70,30,0,0,10,30,0,8,1,FALSE,"楓之港西郊平原
楓葉村
大木林Ⅲ
和風鄰近的地方
巨大的樹木
綠樹的藤條
北部森林空地
小樹森林
獨眼蜥蜴
東方岩石山Ⅱ
猴子森林
野外之地
楓葉村武器店
勇士之村南部
勇士之村北部
風塵山丘
小岩石路
黑肥肥領土
初期挖掘地區
墮落城市北入口
小心墜落
沿著軌道
轉乘區
楓葉村民家
海岸草叢Ⅰ
海岸草叢Ⅲ
六條岔道
弓箭手村西部小山
弓箭手訓練場Ⅰ
弓箭手訓練場Ⅱ
弓箭手訓練場Ⅲ
另一扇門
嫩寶花園
選擇岔道
石巨人寺院入口
魔法森林南郊
閃爍森林的通路
大木林Ⅱ","火槍
紅皮甲褲
三角刃
上衣防禦卷軸10%
箭矢
弩箭矢
披風生命卷軸10%
朱礦石母礦
樹枝
祖母綠母礦
紅色藥水
腕甲
褐旅行鞋
鋼鐵弓
青蘋果"
130101,Red Snail,紅寶,4,40,30,-50,27,3,0,10,35,0,8,1,FALSE,"楓之港西郊平原
楓葉村武器店
藍菇菇樹林
巨大的樹木
綠樹的藤條
北部森林空地
小樹森林
獨眼蜥蜴
猴子森林
勇士之村北部
風塵山丘
楓葉村民家
小岩石路
黑肥肥領土
初期挖掘地區
地鐵售票處
沿著軌道
轉乘區
沼澤地
野生鱷魚沼地
危險的黑鱷魚
維多利亞港郊外
小嫩寶
海岸草叢Ⅰ
維多利亞港外圍
肥肥海岸
海岸狩獵場
六條岔道
弓箭手村西部小山
菇菇山
弓箭手訓練場Ⅰ
弓箭手訓練場Ⅱ
弓箭手訓練場Ⅲ
草叢狩獵場Ⅰ
幽深的峽谷Ⅰ
迷宮通道
草叢狩獵場Ⅱ
嫩寶花園
選擇岔道
番茄園
弓箭手村北邊山丘","套服敏捷卷軸10%
褐色洛基外衣
箭矢
弩箭矢
披風魔力卷軸100%
木劍
皮製手提包
紫水晶耳環
紅夢褲
紅色藥水
紅寶殼
蛋白石母礦
褐短指手套
褐軟布鞋
金屬短杖
銀的母礦
青蘋果"
210100,Slime,綠水靈,6,50,35,-20,32,5,0,10,35,1,10,1,FALSE,"草叢狩獵場Ⅰ
嫩寶花園
南部森林訓練場Ⅳ
石巨人的寺院1
魔法森林南郊
閃爍森林的通路
森林的起始點
大木林Ⅱ
大木林Ⅲ
和風鄰近的地方
北部森林訓練場Ⅰ
北部森林訓練場Ⅱ
選擇岔道
北部森林訓練場Ⅴ
北部森林訓練場Ⅵ
北部森林訓練場Ⅶ
地鐵售票處
沿著軌道
轉乘區
沼澤地
野生鱷魚沼地
危險的黑鱷魚
維多利亞港郊外
弓箭手村北邊山丘
海岸草叢Ⅰ
海岸草叢Ⅱ
海岸草叢Ⅲ
維多利亞港外圍
海岸狩獵場
六條岔道
弓箭手村西部小山
弓箭手訓練場Ⅰ
弓箭手訓練場Ⅱ
弓箭手訓練場Ⅲ
另一扇門
黑森林通道
黑森林狩獵場I
黑森林狩獵場II
森林迷宮I
森林迷宮II
森林迷宮V
迷宮通道
弓箭手村迷宮入口
青蛇濕地
藍菇菇樹林
黑森林西入口
黑森林沼澤
石巨人寺院入口
南部森林訓練場Ⅰ
南部森林訓練場Ⅱ
南部森林訓練場Ⅲ","叉槍
箭矢
弩箭矢
披風敏捷卷軸100%
鐵指虎
白頭巾
皮製手提包
紫礦石母礦
紅色藥水
綠水靈珠
綠液球
藍寶石母礦
褲、裙防禦卷軸10%
褐安全鞋
鋼鐵斧
鐵斧
青蘋果
魔法手套"
1110100,Green Mushroom,綠菇菇,15,250,25,-20,82,12,0,40,45,5,26,1,FALSE,"石巨人寺院入口
南部森林訓練場Ⅱ
北部森林訓練場Ⅶ
巨大的樹木
小樹森林
勇士之村南部
小岩石路
黑肥肥領土
墮落城市北入口
組隊訓練場<獎金地點>
小心墜落
沿著軌道
南部森林訓練場Ⅲ
轉乘區
野生鱷魚沼地
危險的黑鱷魚
弓箭手訓練場Ⅰ
弓箭手訓練場Ⅱ
弓箭手訓練場Ⅲ
另一扇門
黑森林通道
黑森林狩獵場I
森林迷宮I
南部森林訓練場Ⅳ
森林迷宮II
弓箭手村迷宮入口
石巨人的寺院1
魔法森林南郊
大木林Ⅲ
北部森林訓練場Ⅱ
北部森林訓練場Ⅴ
北部森林訓練場Ⅵ","加固皮護手
褐色拖鞋
單手斧攻擊卷軸10%
單邊銀色耳環
雙天戟
大劍
箭矢
弩箭矢
戰鬥弩弓
橘色藥水
海藍石母礦
狗皮帽
祖母綠母礦
紫錦絲緊身衣
紫錦絲緊身裙
紅色藥水
綠旅行皮裙
綠星魔法帽
皮製旅行服
綠菇菇傘
藍色藥水
褐色高級皮帽
赤夜
赤夜褲
鋼鐵弓
鋼鐵斧
鐵瓜錘
銀的母礦
鍋蓋"
1110101,Dark Stump,黑木妖,10,250,10,-70,65,20,0,10,42,0,18,1,FALSE,"閃爍森林的通路
森林的起始點
野外之地
勇士之村南部
風塵山丘
小岩石路
黑肥肥領土
墮落城市北入口
另一扇門
黑森林通道
幽深的峽谷Ⅰ
幽深的峽谷Ⅱ
巨大的樹木
幽深峽谷Ⅲ
勇士之村迷宮入口
黑肥肥領土Ⅱ
北部森林空地
小樹森林
獨眼蜥蜴
東方岩石山Ⅱ
東方岩石山Ⅲ
猴子森林","單邊銀色耳環
葉子
箭矢
弩箭矢
手套敏捷卷軸10%
鐵指虎
木製長杖
木盾
橘色藥水
灰色萊克帽
鐵戟
石榴石母礦
紅色藥水
綠錦絲緊身衣
綠錦絲緊身裙
藍色藥水
逆月刀
鋼鐵母礦
青銅帽
黃旅行服
黃旅行裙"
1120100,Octopus,三眼章魚,12,200,50,0,82,10,0,40,40,4,24,1,FALSE,"初期挖掘地區
北方工地頂端
墮落城市北入口
小心墜落
小心掉落
黑森林通道
黑森林狩獵場I
森林迷宮I
黑森林西入口
黑森林沼澤","加固皮護手
章魚腳
單手劍攻擊卷軸10%
單邊銀色耳環
箭矢
弩箭矢
木錘
朱礦石母礦
海藍石母礦
紅色藥水
藍色藥水
褐色鐵板褲子
鋼盾
青銅胸甲
黃錦絲緊身裙"
1130100,Axe Stump,斧木妖,17,300,30,-50,85,30,0,10,50,5,30,1,FALSE,"石巨人寺院入口
和風鄰近的地方
野外之地
勇士之村南部
勇士之村北部
風塵山丘
小岩石路
大岩石路
黑肥肥領土
初期挖掘地區
墮落城市北入口
幽深的峽谷Ⅰ
巨大的樹木
幽深的峽谷Ⅱ
幽深峽谷Ⅲ
黑肥肥領土Ⅱ
綠樹的藤條
北部森林空地
東方岩石山Ⅲ
東方岩石山Ⅳ
東方岩石山Ⅴ
猴子森林","迪林格火槍
單手棍攻擊卷軸10%
古樹長杖
箭矢
弩箭矢
戰鬥盾牌
木劍
木柴
木球棍
朱紅伽藍
法師短杖
白伽藍褲
紫水晶耳環
紫礦石母礦
紅色藥水
藍羽翼帽
藍色藥水
蛋白石母礦
褐短鞋
昆德拉斧頭
黃夜
黃夜褲"
1140100,Ghost Stump,發芽木妖,19,330,35,-45,90,40,0,15,55,10,33,1,FALSE,"藤條巢穴1
遺跡發掘地Ⅱ","綠色皮手套
套服敏捷卷軸60%
手套敏捷卷軸60%
指虎攻擊卷軸100%
紅色藥水
綠魔法袍
苗木
藍漆皮鞋
藍牧師長袍
藍羽毛帽
藍色藥水
褐旅行皮裙
鋼鐵斧
鑽石母礦
銀的母礦
青銅母礦
盜賊紅頭巾
黃旅行鞋
黃皮製旅行服
黑伽藍
黑伽藍裙
黑命中手套"
1210100,Pig,肥肥,7,75,40,0,37,5,0,20,40,0,15,1,FALSE,"草叢狩獵場Ⅱ
選擇岔道
弓箭手村肥肥農場
弓箭手村肥肥農場
弓箭手村肥肥農場
弓箭手村肥肥農場
弓箭手村肥肥農場
弓箭手村肥肥農場
弓箭手村肥肥農場
弓箭手村肥肥農場
弓箭手村肥肥農場
弓箭手村肥肥農場
芽孢山丘
弓箭手村肥肥農場
弓箭手村肥肥農場
弓箭手村肥肥農場
弓箭手村肥肥農場
弓箭手村肥肥農場
弓箭手村肥肥農場
弓箭手村肥肥農場
弓箭手村肥肥農場
弓箭手村肥肥農場
弓箭手村肥肥農場
哼聲森林小徑
地鐵售票處
沿著軌道
轉乘區
沼澤地
野生鱷魚沼地
危險的黑鱷魚
海岸草叢Ⅱ
維多利亞港外圍
肥肥海岸
弓箭手村肥肥農場
海岸狩獵場
六條岔道
弓箭手村西部小山
迷宮通道
弓箭手村肥肥農場
弓箭手村肥肥農場
弓箭手村肥肥農場
弓箭手村肥肥農場
弓箭手村肥肥農場","褐色洛基頭巾
動物皮
箭矢
弩箭矢
披風幸運卷軸100%
拳套
木錘
肥肥頭
白伽藍裙
紅色藥水
褐色皮製褲
褐色皮帽
青蘋果
鞋子敏捷卷軸10%
黃晶母礦
黃皮製鎧甲
黃金母礦
黑夜"
1210101,Ribbon Pig,緞帶肥肥,10,120,45,5,70,10,0,30,40,2,20,1,FALSE,"弓箭手村北邊山丘
芽孢山丘
維多利亞港外圍
肥肥海岸
海岸狩獵場
六條岔道
弓箭手村西部小山
迷宮通道
地鐵售票處
沿著軌道
轉乘區
沼澤地
野生鱷魚沼地
危險的黑鱷魚
海岸草叢Ⅱ","褐色拖鞋
Brown Cotton Lagger
火槍
動物皮
幻木劍
箭矢
弩箭矢
橙色運動T恤
盾牌防禦卷軸10%
堅硬的羽毛
紫水晶母礦
紫水晶耳環
紅色藥水
蝴蝶結
銀連帽弓箭手服
鋰礦石母礦
黃紅短T
黑夜
黑夜褲"
1210102,Orange Mushroom,菇菇寶貝,8,80,45,0,42,0,0,10,42,1,15,1,FALSE,"楓之港西郊平原
楓葉村武器店
沿著軌道
沼澤地
野生鱷魚沼地
危險的黑鱷魚
維多利亞港外圍
海岸狩獵場
六條岔道
菇菇山
弓箭手訓練場Ⅰ
弓箭手訓練場Ⅱ
楓葉村民家
弓箭手訓練場Ⅲ
迷宮通道
傑伊的家
弓箭手村北邊山丘
初期挖掘地區
墮落城市北入口
小心墜落
地鐵售票處","雙刃斧
彈丸
褐色洛基外衣
箭矢
弩箭矢
白橡膠鞋
紅忍者涼鞋
紅色藥水
菇菇寶貝傘
褐硬皮鞋
鑽石母礦
長槍
青狩獵手套
青銅頭盔
青銅母礦
鞋子跳躍卷軸10%"
1210103,Bubbling,藍水靈,15,240,10,10,80,40,0,50,80,10,26,30,FALSE,"地鐵一號線[地區01]
三號線1號車庫","綠色皮手套
迪林格火槍
彈丸
幻木劍
箭矢
弩箭矢
披風智力卷軸100%
披風防禦力卷軸60%
海神叉
短劍攻擊卷軸10%
紅色舊魔法帽
紅色藥水
藍寶石母礦
藍寶石鞋
藍水靈珠
藍色藥水
鋼鐵斧
鋰礦石母礦
長槍
青夜
青夜褲
魔法石
黃皮製旅行服"
2100102,Jr. Cactus,小仙人掌,22,450,0,-40,90,30,0,30,55,8,37,1,FALSE,"納希西門外
小仙人掌沙漠","沙漠露珠
仙人掌的莖
鋰礦石
單手棍命中卷軸60%
雙手斧攻擊卷軸10%
箭矢
弩箭矢
橘色藥水
獵弩弓
褐色皮革手腕
皮製長靴
火槍攻擊卷軸60%
紫魔者之袍
藍色戰鬥頭盔
藍色藥水
蛋白石母礦
褐色堅固皮手腕
鋰礦石母礦
來電耳環
鞋子跳躍卷軸10%
黃魔者之袍
黑唐衫
黑唐衫褲"
2100103,Cactus,仙人掌,25,550,0,-50,95,35,0,40,55,9,47,1,FALSE,"納希西門外
仙人掌沙漠1
仙人掌沙漠2","沙漠露珠
褐色木鞋
鋰礦石
仙人掌的刺
三支槍
套服敏捷卷軸60%
箭矢
弩箭矢
朱礦石母礦
朱紅皮鞋
槍命中卷軸10%
橘色藥水
紅十字盾牌
紅敏捷之服
紅敏捷褲
藍命中手套
藍星頭巾
藍色藥水
蛋白石母礦
通通樂
黑魔法鞋
黑龍袍"
2100104,Royal Cactus,成年仙人掌,28,750,0,-50,105,40,0,40,60,10,55,1,FALSE,"仙人掌沙漠2
成年仙人掌沙漠","仙人掌的花
沙漠露珠
鋰礦石
單手棍命中卷軸10%
箭矢
弩箭矢
強效魔力水
披風防禦力卷軸10%
智慧母礦
棒棒果
橘色藥水
藍守護手套
藍寶石母礦
藍色戰鬥頭盔
藍色藥水
力量盾牌
褐色堅固皮手腕
鋰礦戟
黃晶母礦
黑浪人之服
黑遊俠之褲
黑追擊鞋"
2100105,Bellamoa,沙漠蛇,23,500,0,-40,90,35,0,40,55,9,42,250,FALSE,"白岩沙漠
沙漠蛇洞穴","蛇鈴鐺
諾曼指虎
冰精短杖
雙手劍攻擊卷軸10%
召喚石
彈丸
孫悟空頭箍
弩箭矢
褐色加勒比套裝
盾牌防禦卷軸10%
紅敏捷褲
綠羽翼帽
綠追擊鞋
藍命中手套
逆月刀
鋼鐵弓
銀的母礦
黑魔法鞋"
2100106,Ear Plug Plead,耳罩蜥蜴,24,550,0,5,95,35,0,35,50,9,45,0,FALSE,"白岩沙漠
灼熱沙漠
乾旱沙漠","鋰礦石
藍敏捷之服
青銅橄欖球帽
Earmuff
Dark Brown Sneak Pants (M)
叉槍
大刀
格蘭德火槍
彈丸
弓攻擊卷軸60%
箭矢
弩箭矢
攻擊藥水
橘色藥水
盾牌生命卷軸100%
石榴石母礦
藍色藥水
褐魔者之袍
金耳環
鑽石母礦
青銅名弓手套"
2100107,Scarf Plead,圍巾蜥蜴,27,700,0,5,100,35,0,40,55,10,50,0,FALSE,"乾旱沙漠
圍巾蜥蜴棲息地","Ragged Scarf
鋰礦石
單手劍攻擊卷軸60%
雙枝短刀
箭矢
弩箭矢
橘色藥水
海藍石母礦
祖母綠母礦
黃金火槍
紅護身鎧甲
紅星魔法帽
紅金寂靜之服
紅金寂靜之褲
綠浪人之服
綠遊俠裙
藍色藥水
風輪長杖"
2100108,Meercat,狐蒙,29,780,0,0,100,40,0,45,60,10,58,0,FALSE,"納希北門外
北部沙漠路1","Telescope
鋰礦石
諾曼指虎
偃月刃
單手劍攻擊卷軸10%
Scroll for Two-Handed Sword for Accuracy 10%
Scroll for Two-Handed BW for Accuracy 10%
命中藥水
箭矢
弩箭矢
指虎攻擊卷軸60%
敏捷母礦
橘色藥水
短杖魔力卷軸60%
堅硬的羽毛
紅暗影之服
紅暗影之褲
綠蛇刀
藍色藥水
褐雙翼之帽
鋼製機器手套
鋼鐵母礦
鋰礦石母礦
黑魔力長袍"
2110200,Horny Mushroom,刺菇菇,22,300,35,-20,90,30,0,0,55,7,35,1,FALSE,"南部森林訓練場Ⅳ
樹林底層
森林迷宮II
螞蟻洞Ⅰ
螞蟻洞Ⅱ
螞蟻洞Ⅲ
螞蟻洞Ⅳ
黑暗通道
蝙蝠洞
幽深螞蟻洞Ⅰ
幽深螞蟻洞Ⅱ
螞蟻礦坑
北部森林訓練場Ⅰ
龍族狩獵場
北部森林訓練場Ⅱ
北部森林訓練場Ⅴ
北部森林訓練場Ⅶ
另一扇門
黑森林通道
黑森林狩獵場II
森林迷宮I","刺菇菇傘
Scroll for One Handed BW for Accuracy10%
雙手斧攻擊卷軸10%
格蘭德火槍
彈丸
箭矢
弩箭矢
彎刀
強效魔力水
橘色藥水
褐色海盜服
紅劍道服
綠旅行皮裙
皮製旅行服
藍牛仔短褲
藍色藥水
褐色術士帽
鋼製短手套
鋼製騎士頭盔
鋼盾
鋰礦戟
青銅母礦
鷹弩
黃晶母礦
黃飄風鞋
黑唐衫
黑唐衫褲"
2110300,Sand Rat,沙漠地鼠,24,600,0,-15,95,35,0,40,55,10,55,0,FALSE,"薩赫勒地區3
薩赫勒地區2
沉睡沙漠","藍敏捷之服
Brown Pitz Bandana
青銅橄欖球帽
鋰礦石
Dark Brown Sneak Pants (M)
單手棍命中卷軸10%
叉槍
大刀
弓攻擊卷軸60%
箭矢
弩箭矢
攻擊藥水
木錘
橘色藥水
石榴石母礦
藍色藥水
褐魔者之袍
金耳環
鑽石母礦
青銅名弓手套"
2110301,Scorpion,沙漠毒蠍,29,780,0,-15,100,40,0,45,60,10,58,0,FALSE,"薩赫勒地區2
睡夢沙漠
薩赫勒地區1","鋰礦石
Scorpion Sting
偃月刃
單手劍攻擊卷軸10%
Scroll for One-Handed Axe for Accuracy 10%
命中藥水
箭矢
弩箭矢
敏捷母礦
橘色藥水
短杖魔力卷軸60%
黃金火槍
紅暗影之服
紅暗影之褲
綠蛇刀
藍色藥水
褐雙翼之帽
鋼製機器手套
鋼鐵母礦
強力子彈
鋰礦石母礦
黑魔力長袍"
2130100,Dark Axe Stump,黑斧木妖,22,550,40,-50,85,50,0,20,45,7,38,1,FALSE,"巨大的樹木
黑肥肥領土Ⅱ
勇士之村南部
小岩石路
大岩石路
墮落城市北入口
另一扇門
森林迷宮II
幽深的峽谷Ⅰ
幽深的峽谷Ⅱ
火焰之地Ⅰ
火焰之地Ⅱ
綠樹的藤條
火焰之地Ⅲ
火焰之地Ⅳ
火焰之地Ⅴ
幽深峽谷Ⅲ
勇士之村迷宮入口
黑森林西入口
烏山入口
烏山深處
小山泉
小池塘
北部森林空地
老虎樹林Ⅰ
老虎樹林Ⅱ
東方岩石山Ⅳ
東方岩石山Ⅴ
東方岩石山Ⅵ
東方岩石山Ⅶ
黑肥肥領土 
野外之地","雙手劍命中卷軸60%
雙手棍命中卷軸60%
雙手棍攻擊卷軸10%
枯木樹液
召喚石
箭矢
弩箭矢
遺失的斧頭
木製陀螺
木柴
朱礦指虎
橘色藥水
褐色水手頭巾
紫硬皮裝
紫硬皮裙
紫魔者之袍
紅追擊鞋
綠旅行皮裙
藍色藥水
褐魔者之袍
鋼鐵母礦
鑽石母礦
銀守護拳套
鋰礦鬥拳
黃星頭巾
黑追擊鞋"
2130103,Jr. Necki,青蛇,21,285,20,10,100,30,0,30,120,25,38,50,FALSE,"地鐵二號線[01]
地鐵二號線[地區02]
青蛇濕地
沼澤地Ⅱ
沼澤地Ⅲ
鱷魚潭Ⅰ
鱷魚潭Ⅱ
猴子沼澤地Ⅰ
猴子沼澤地Ⅱ
猴子沼澤地Ⅲ
黑森林西入口
黑森林沼澤
黑森林通道
黑森林狩獵場I
森林迷宮I
森林迷宮II
森林迷宮III
森林迷宮IV
森林迷宮V
沼澤地Ⅰ","Double Tail Knuckler
柳橙
橘色藥水
牙刀
白伽藍裙
盾牌防禦卷軸10%
紫伽藍
紅皮製長靴
藍劍道服
褲裙跳躍卷軸100%
褐十字軍甲
褐十字軍裙
鐵製尖頭具
鋰礦石母礦
黃晶母礦"
2220100,Blue Mushroom,藍菇菇,20,350,30,5,90,10,0,60,55,7,32,1,FALSE,"藍菇菇樹林
弓箭手村迷宮入口
石人寺院門外
石人寺院入口
石人寺院Ⅰ
石人寺院Ⅱ
石人寺院Ⅲ
石人寺院Ⅳ
南部森林訓練場Ⅳ
初期挖掘地區
北方工地頂端
小心掉落
地鐵售票處
沿著軌道
轉乘區
迷宮通道","Brown Pitz Bandana
Mithril War Boots
半月刃
叉槍
雙手劍攻擊卷軸10%
箭矢
弩箭矢
戰鬥短刀
橘色藥水
褐色水手頭巾
灰色萊克帽
法師長杖
白色藥水
紫寶石鞋
紅硬皮裝
紅硬皮裙
紅色自由帽
綠防風帽
藍軍官鎧甲
藍寶石母礦
藍色藥水
藍菇菇傘
鋼鐵軍官裙
鋼鐵斧
鋼鐵鎧甲
鋰礦戟
魔力藥水
黃晶母礦
黃金母礦"
2230100,Evil Eye,火獨眼獸,27,720,40,-10,100,35,0,70,60,10,50,1,FALSE,"幽深螞蟻洞Ⅰ
幽深螞蟻洞Ⅱ
螞蟻礦坑
火獨眼獸洞穴I
火獨眼獸洞穴II
火獨眼獸洞穴III
火獨眼獸洞穴IV","三支槍
諾曼指虎
雙手劍命中卷軸100%
箭矢
弩箭矢
彎刀
手套生命卷軸100%
打獵褲
樹林之褲
橘色藥水
貓眼耳環
白牧師長袍
白色藥水
矛攻擊卷軸10%
紅色戰鬥頭盔
紅龍服
綠打獵服
綠敏捷之服
綠敏捷褲
綠色旅行裙
藍寶石母礦
藍護身鎧甲
藍色藥水
速度藥水
鑽石母礦
銀的母礦
鋰礦錘
方形耳環"
2230101,Zombie Mushroom,殭屍菇菇,24,500,50,0,95,20,0,30,50,8,42,1,FALSE,"螞蟻洞Ⅰ
螞蟻洞Ⅱ
螞蟻洞Ⅲ
螞蟻洞Ⅳ
黑暗通道
蝙蝠洞
幽深螞蟻洞Ⅰ
幽深螞蟻洞Ⅱ
螞蟻礦坑
蘑菇王之墓","刺槍
箭矢
弩箭矢
打獵弓
朱礦石母礦
槍攻擊卷軸10%
橘色藥水
白色藥水
白魔力長袍
褐色皮革手腕
祖母綠母礦
黃金火槍
粉紅術士帽
紅武褲
紅龍服
綠獵人帽
綠龍服
藍色藥水
藍魔力長袍
褐敏捷之服
褐敏捷之褲
速度藥水
道符
金耳環
鋼鐵斧
鐵胸甲
鋰礦短杖
鋰礦石母礦
錘珠耳環
青光斧"
2230102,Wild Boar,黑肥肥,25,550,55,0,90,20,0,30,50,8,42,1,FALSE,"黑肥肥領土Ⅱ
綠樹的藤條
北部森林空地
黑肥肥領土 
鋼之黑肥肥之地
大岩石路
幽深的峽谷Ⅰ
幽深的峽谷Ⅱ
幽深峽谷Ⅲ
勇士之村迷宮入口","刺槍
動物皮
孫悟空青銅頭箍
攻擊藥水
朱礦石母礦
格鬥斧
橘色藥水
堅硬的羽毛
紅羽絲絨帽
紅魔者之袍
綠硬皮裝
綠硬皮裙
藍寶石耳環
藍鬥士鞋
藍暗影之褲
藍色藥水
蛋白石母礦
褐貴族之服
褐貴族褲
褐魔道之帽
黑肥肥尖牙
風輪長杖
鋼鐵鏈鞋
強力子彈
褐色堅固皮手腕
錘珠耳環
雷電
高原之劍
鷹弩"
2230103,Trixter,黃蜘蛛,23,450,0,0,95,52,0,65,93,10,42,0,FALSE,"愛奧斯塔68樓
愛奧斯塔69樓
愛奧斯塔70樓
愛奧斯塔91樓
愛奧斯塔97樓
愛奧斯塔98樓
愛奧斯塔99樓
愛奧斯塔93樓(刪除對象)
愛奧斯塔94樓(刪除對象)","褐色木鞋
褐色防滑涼鞋
雙手斧命中卷軸10%
太極扇
太陽劍
幸運母礦
指虎攻擊卷軸100%
攻擊藥丸
朱礦石母礦
橘色藥水
海星鏢
獵弩弓
盾牌防禦卷軸100%
紅命中手套
紅星頭巾
Scroll for Earring for LUK 100%
藍色藥水
藍魔者之袍
蜘蛛網
鋁球棍
鋰狂斧"
2230104,Green Trixter,紅蜘蛛,28,780,0,0,105,75,0,75,115,12,55,0,FALSE,"愛奧斯塔91樓
愛奧斯塔97樓","單手斧命中卷軸60%
敏捷母礦
法師長杖
褐色海盜服
白色藥水
Scroll for Shield for STR 100%
黏稠的蜘蛛網
紫色妖精之服
紫色妖精裙
綠牧師長袍
藍雙翼之帽
藍色藥水
褲、裙防禦卷軸60%
鋼短刀
鋼鐵暴風手套
鋼鐵母礦
銀暴風手套
鋰礦石母礦
魔力藥丸
黑色利刃"
2230105,Seacle,綠海馬,23,500,0,-30,85,35,0,45,55,9,42,1,FALSE,"魚兒休息地
菇菇珊瑚地
四角地帶","單手劍命中卷軸100%
格蘭德火槍
白銀之錘
幸運母礦
攻擊藥水
橘色藥水
盾牌防禦卷軸100%
紅十字耳環
綠色妖精之服
綠色妖精裙
藍命中手套
藍色藥水
褲裙跳躍卷軸100%
褐旅行鞋
鋼鐵母礦
黑龍袍"
2230106,Cico,黃金海馬,25,550,0,-20,95,30,0,40,50,8,42,1,FALSE,"綠海藻之地
魚兒休息地","上衣力量卷軸100%
上衣防禦卷軸60%
偃月刃
命中藥水
頭盔防禦卷軸60%
朱礦石母礦
橘色藥水
褐色海盜服
紫寂靜之服
紫寂靜裙
紅提貝之帽
綠獵人帽
藍色旗袍
藍色藥水
藍旗袍褲
蛋白石母礦
速度藥水
銀軍官褲
銀軍官鎧甲
飛影刃"
2230107,Krappy,獨角尼莫,24,500,50,,95,20,0,30,50,8,45,0,FALSE,"綠海藻之地
菇菇珊瑚地","褐色防滑涼鞋
Scroll for One-Handed Axe for Accuracy100%
雙手劍
雙枝短刀
打獵褲
披風防禦力卷軸60%
槍攻擊卷軸10%
橘色藥水
紅敏捷之服
紅敏捷褲
紅神聖法衣
紅神聖裙
藍寶石母礦
藍獵人服
藍色藥水
藍賢者手套
速度藥水
銀戰鬥鞋
鋰礦石母礦"
2230108,Pinboom,海膽,22,400,0,0,100,30,0,30,55,7,36,0,FALSE,"菇菇珊瑚地
四角地帶","雙手棍攻擊卷軸10%
召喚石
強效魔力水
朱紅皮鞋
橘色藥水
褐色加勒比套裝
紅漆皮鞋
紅硬皮裝
紅硬皮裙
紅魔者之袍
綠羽翼帽
綠色自由帽
藍色藥水
褲裙敏捷卷軸100%
金耳環
鑽石母礦
青銅母礦
黃魔者之袍"
2230109,Bubble Fish,泡泡魚,28,740,40,,100,35,0,40,55,10,52,0,FALSE,"沙塔休息地
大魚峽谷","Brown Pitz Bandana
孫悟空鋼製頭箍
敏捷母礦
朱紅皮鞋
求救信
白色藥水
皮製長靴
祖母綠母礦
祖母綠耳環
紅飛影甲
藍十字鎖子甲
藍色術士帽
藍色藥水
銀的母礦
鋰礦短杖
鞋子敏捷卷軸60%
魔力藥水
黑軍官裙
黑軍官鎧甲"
2230110,Wooden Mask,木面怪人,23,500,0,-30,85,30,0,40,55,10,42,1,FALSE,"藤條巢穴1
遺跡發掘地Ⅱ
遺跡發掘地Ⅲ","彈丸
披風智力卷軸60%
指虎命中卷軸100%
木板
槍命中卷軸60%
橘色藥水
褐色水手頭巾
海藍石母礦
盾牌防禦卷軸60%
紫水晶母礦
紫礦機器手套
綠色自由帽
藍伽藍
藍色藥水
藍賢者手套
褐羽翼帽
金戰鬥鞋
鋼短刀
銀暴風手套
鋰礦海盜頭盔
青銅母礦
黑伽藍褲
黑追擊鞋"
2230111,Rocky Mask,石面怪人,24,600,0,-30,95,35,0,40,55,10,45,1,FALSE,"遺跡發掘地Ⅱ
遺跡發掘地Ⅲ","冰精短杖
天藍騎士甲
天藍騎士裙
槍攻擊卷軸60%
橘色藥水
海盜劍
石板
祖母綠母礦
紫礦石母礦
紅守護手套
綠擊中手套
耳環智力卷軸60%
藍唐裝
藍唐衫褲
藍色藥水
速度藥水
鋼鐵母礦
長杖魔力卷軸60%
雷電"
2230200,Flower Fish,花鯰魚,29,790,0,-60,110,80,0,85,75,10,58,0,FALSE,"隱藏村落
沙塔休息地
大魚峽谷","褐色木鞋
套服敏捷卷軸60%
力量母礦
雙手斧
弩攻擊卷軸60%
橘色藥水
求救信
海藍石母礦
紅守護之服
紅守護之褲
紅暗影之服
紅暗影之褲
綠追擊鞋
藍色藥水
褐色獵人帽
重型巨斧
鋰礦錘
魔法石
黃金母礦"
2300100,Stirge,蝙蝠,20,300,10,,85,20,0,20,80,10,33,30,FALSE,"轉乘區
地鐵一號線[地區02]
地鐵一號線[地區03]
黑暗通道
蝙蝠洞","Brown Cotton Lagger
單手斧命中卷軸60%
頭盔智力卷軸100%
工地手套
披風防禦力卷軸10%
指虎攻擊卷軸60%
檸檬
橘色藥水
褐色加勒比套裝
石榴石母礦
粉紅旗袍
堅硬的羽毛
紫旗袍裙
紅唐裝
紅唐衫褲
綠羽翼帽
藍色藥水
蝙蝠翅膀
鋼鐵母礦
鐵板褲
鐵胸甲
雷電"
3000000,Sentinel,石球,30,900,50,-20,120,275,118,85,75,12,55,10,FALSE,"天空之城塔<17層>
天空之城塔<16層>
天空之城塔<15層>
天空之城塔<14層>","力量母礦
披風智力卷軸60%
披風防禦力卷軸10%
橘色藥水
白色遠洋帽
白武褲
石球的石塊
紅龍服
綠暗影之服
綠羽翼三角帽
翡赤之杖
耳環敏捷卷軸100%
藍暗影之褲
藍色藥水
蛋白石母礦
褲裙生命卷軸100%
赤斧
鋰礦石母礦
來電耳環
昆德拉斧頭
青銅精神手套
魔法石"
3000005,Brown Teddy,褐色發條熊,30,950,0,-15,100,38,0,40,65,12,60,0,FALSE,"風影露臺Ⅰ
風影露臺Ⅱ
雲彩露臺<5>
雲彩露臺<4>
雲彩露臺<3>
雲彩露臺<1>
露臺中庭
天空露臺<1>
天空露臺<2>","大戰鬥錘
孫悟空頭箍
山羊弩
智慧母礦
玩具熊的棉花團
Brown Pollard
白色藥水
石榴石母礦
藍色藥水
藍錦絲鞋
藍魔力長袍
褐敏捷之服
褐敏捷之褲
鋼鐵母礦
鞋子敏捷卷軸60%
黑銀寂靜之服"
3000006,Krip,活跳蝦,30,900,50,-20,100,40,0,40,65,12,55,1,FALSE,"海藻塔
隱藏村落","Yellow Tartis
上衣生命卷軸10%
Scroll for Overall Armor for STR 100%
山羊弩
智慧母礦
求救信
白色藥水
紫水晶母礦
紫礦石母礦
紅錦絲鞋
紅魔力長袍
綠追擊鞋
藍神聖法衣
藍神聖裙
藍色藥水
褲、裙防禦卷軸60%
風輪長杖
鋼製機器手套
鋼鐵追擊手套
銀軍官褲
銀軍官鎧甲"
3100102,Kiyo,禿鷹,30,870,50,-10,100,40,0,40,70,13,60,0,FALSE,"北部沙漠路2
紅砂沙漠
沙漠遊牧民族的廢墟","鋰礦石
Brown Paulie Boots
上衣防禦卷軸60%
箭矢
弩箭矢
披風敏捷卷軸100%
海藍石母礦
白色藥水
堅硬的羽毛
紅海盜頭巾
藍神聖法衣
藍神聖裙
藍色藥水
鋰礦名弓手套
青銅守護拳套
魔法石
鷹弩
黑十字鎖子甲"
3110100,Ligator,鱷魚,32,1200,40,-40,110,45,0,40,70,12,60,1,FALSE,"沼澤地Ⅰ
沼澤地Ⅱ
沼澤地Ⅲ
鱷魚潭Ⅰ","One Handed Sword Forging Stimulator
雙天戟
製作弓的催化劑
披風防禦力卷軸10%
指虎攻擊卷軸100%
暗影刃
製作長槍的催化劑
白色遠洋帽
海藍石母礦
白色藥水
製作短杖的催化劑
紅神聖法衣
紅神聖裙
綠擊中手套
藍色藥水
藍鐵頭鞋
鋼鐵方盾
鋼鐵追擊手套
鋰礦石母礦
鋰礦錘
通通樂
魔法石
鱷魚皮
黃護身鎧甲"
3110101,Pink Teddy,粉紅發條熊,32,1050,0,-10,105,50,0,70,80,14,65,0,FALSE,"風影露臺Ⅱ
雲彩露臺<4>
雲彩露臺<3>
雲彩露臺<2>
雲彩露臺<1>
露臺中庭
天空露臺<1>
天空露臺<2>
天空露臺<3>
天空露臺<4>","Topwear Production Stimulator
One Handed Sword Forging Stimulator
Yellow Tartis
Overall Production Stimulator
雙手劍命中卷軸60%
戰鬥盾牌
披風智力卷軸10%
智慧母礦
玩具熊的黃絲帶
白色藥水
白魔法鞋
紫水晶母礦
紅守護鞋
紅暗影之服
紅暗影之褲
紅魔力長袍
藍色藥水
鋼鐵護腕
強力子彈
青銅機器手套
鷹弩
黃輕便手套
黑浪人之服
黑遊俠裙"
3110102,Ratz,白色發條鼠,32,1000,0,-5,102,65,0,75,90,13,65,0,FALSE,"愛奧斯塔1樓
愛奧斯塔2樓
愛奧斯塔97樓(刪除對象)
愛奧斯塔98樓(刪除對象)
愛奧斯塔99樓(刪除對象)
愛奧斯塔100樓(刪除對象)","One Handed Mace Forging Stimulator
One Handed Axe Forging Stimulator
Brown Paulie Boots
偃月刃
力量母礦
動物皮
半白武褲
雙手棍命中卷軸60%
大斧
海藍石母礦
白色藥水
矛攻擊卷軸60%
紫礦石母礦
紅守護手套
綠假面帽
捕鼠器
藍色藥水
褐雙翼之帽
古代錘
鋼鐵母礦
銀鏈鞋
製作長杖的催化劑
青銅名弓手套"
3110300,Cube Slime,方塊水靈,32,1000,0,-20,90,40,0,40,70,12,62,0,FALSE,"研究所101號房
研究所102號房","Gelatin
鋰礦石
太極扇
拳套攻擊卷軸60%
石榴石母礦
祖母綠耳環
紫礦石母礦
紅獵人帽
鋼鐵追擊手套
鋁球棍
魔法石
黃金褲
黃金鎧甲
黑魔法鞋"
3110302,Rumo,黑妖苗,35,1400,70,-10,130,110,0,100,105,18,75,0,FALSE,"研究所101號房
研究所102號房
研究所103號房","Flask
Topwear Production Stimulator
刺槍
雙手棍命中卷軸100%
命中藥水
製作弓的催化劑
弓攻擊卷軸10%
箭矢
弩箭矢
製作拳套的催化劑
棒棒果
白色藥水
製作短杖的催化劑
紫礦石母礦
紅色武士頭盔
紅龍服
綠星魔法帽
耳環生命卷軸100%
藍色月光服
藍色藥水
褐貴族之服
褐貴族褲
褐色洛卡特鞋
黃晶母礦
黑暗影之服
黑暗影之褲
黑武褲
黑防風帽"
3110303,Triple Rumo,黑妖苗三兄弟,38,1850,0,-30,125,105,0,125,130,18,85,0,FALSE,"研究所102號房
研究所103號房","Knuckler Production Stimulator
Flask
One Handed Sword Forging Stimulator
上衣力量卷軸100%
刺槍
雙弦弩
Scroll for Two-Handed Axe for Accuracy 60%
箭矢
弩箭矢
指虎命中卷軸10%
Scroll for Spear for Accuracy 100%
白色藥水
紫荊花耳環
紅意志手套
綠海盜頭巾
綠雷電鞋
翡赤之杖
耳環智力卷軸10%
藍元素手套
藍寶石母礦
藍羽絲絨帽
藍色藥水
鋼鐵母礦
強力子彈
銀守護拳套
鋰礦合金手套
褐色洛卡特鞋
青金鎧甲
製作鞋子的催化劑
黃金月長靴
黃金褲
黑暗之影
黑暗之褲"
3210100,Fire Boar,火肥肥,32,1000,60,0,110,40,0,40,60,10,60,1,FALSE,"東方岩石山Ⅵ
東方岩石山Ⅶ
火焰之地Ⅴ
幽深峽谷Ⅲ
勇士之村迷宮入口
幽深的峽谷Ⅰ
危險的峽谷
危險的峽谷Ⅱ
幽深的峽谷Ⅱ
火焰之地Ⅰ
火焰之地Ⅱ
火焰之地Ⅲ
火焰之地Ⅳ","Shield Production Stimulator
Gun Production Stimulator
Knuckler Production Stimulator
動物皮
雙弦弩
迴旋鏢
太極扇
橘色藥水
水晶短杖
火肥肥尖牙
玻璃鞋
Brown Pollard
白色藥水
石榴石母礦
紅打獵鞋
紅星魔法帽
紅錦絲鞋
綠防風帽
綠龍服
藍守護手套
藍色藥水
鋼鐵母礦
鑽石母礦
銀守護拳套
鋰礦短杖
鋰礦石母礦
製作長杖的催化劑
雷電
黃武褲
黃金暴風手套
黑守護鞋"
3210200,Jr. Cellion,幼紅獨角獅,33,1100,70,0,105,60,0,80,95,15,65,1,FALSE,"前往三色庭園的路
紅光庭園Ⅰ","Knuckler Production Stimulator
Two Handed Mace Forging Stimulator
Overall Production Stimulator
力量母礦
動物皮
雙弦弩
迴旋鏢
拳套攻擊卷軸60%
暗影刃
火焰羽毛
獨角獅硬角
貓眼耳環
Brown Pollard
白色藥水
石榴石母礦
堅硬的羽毛
紫水晶母礦
紅鬥士鞋
藍守護之服
藍守護之褲
藍色藥水
褐假面帽
褐星光長袍
褐色術士帽
重型巨斧
鋼鐵暴風手套
鐵頭皮鞋
通通樂
黑星魔法帽"
3210201,Jr. Lioner,幼黃獨角獅,33,1100,70,0,105,60,0,80,95,15,65,1,FALSE,"前往三色庭園的路
黃光庭園Ⅰ","One Handed Mace Forging Stimulator
One Handed Axe Forging Stimulator
Cold Mind
動物皮
單手斧命中卷軸10%
召喚石
弓攻擊卷軸60%
智慧母礦
水晶刃
獨角獅硬角
白色藥水
祖母綠母礦
堅硬的羽毛
紫守護鞋
紅星光長袍
紅色月光服
藍假面帽
藍色藥水
褐打獵鞋
鑽石母礦
銀制鎧甲
鋰礦戟
鋰礦石母礦
黃金名弓手套
黑守護拳套"
3210202,Jr. Grupin,幼藍獨角獅,33,1100,70,0,105,60,0,80,95,15,65,1,FALSE,"前往三色庭園的路
藍光庭園Ⅰ","Bottomwear Production Stimulator
Cold Mind
紅色皇家頭巾
動物皮
半月刃
半白武褲
Scroll for One Handed Axe for Accuracy100%
製作雙手斧的催化劑
幸運母礦
Scroll for Knuckle for Accuracy 60%
獨角獅硬角
白色藥水
短杖魔力卷軸60%
堅硬的羽毛
綠雙翼之帽
蒼天衣
藍守護之服
藍守護褲
藍寶石母礦
藍月鞋
藍色藥水
藍色雨傘
鋼鐵母礦
金飛鏢
鐵釘錘
魔法石
黃金追擊手套
黑神聖法衣
黑神聖裙
黑色術士帽"
3210203,Panda Teddy,發條貓熊,36,1400,0,0,120,95,0,95,100,16,77,0,FALSE,"天空露臺<5>
玩具工廠<A工程2>
玩具工廠<A工程3>
玩具工廠<主工程A>
玩具工廠<A工程4>
玩具工廠<A工程5>
玩具工廠<主工程B>
玩具工廠<B工程3>
玩具工廠<B工程4>","Bottomwear Production Stimulator
One Handed Axe Forging Stimulator
Overall Production Stimulator
單手棍命中卷軸60%
利刃拳套
命中藥丸
幸運母礦
弓攻擊卷軸60%
玩具熊貓
白色藥水
盾牌幸運卷軸100%
紫金月鞋
紅武褲
紅羽絲絨帽
紅魔道之帽
紅龍服
藍打獵鞋
藍月鞋
藍色藥水
鋰礦石母礦
青光斧
黑色長手套
黑星光長袍
黑飛影甲
龍炎短劍"
3210204,Roloduck,玩具鴨,34,1200,0,0,110,70,0,85,100,16,70,0,FALSE,"雲彩露臺<2>
天空露臺<3>
天空露臺<4>
天空露臺<5>","Gun Production Stimulator
藍色緊身服
刺客短刀
單手棍攻擊卷軸10%
製作手套的催化劑
製作拳套的催化劑
敏捷母礦
柔軟的羽毛
玩具小鴨
白色藥水
白魔力長袍
堅硬的羽毛
藍勇氣手套
藍十字鎖子甲
藍浪人之服
藍遊俠之褲
藍色藥水
褲裙跳躍卷軸100%
褐色戰鬥頭盔
鐵頭皮鞋
銀的母礦
銀黑寂靜之服
銀黑寂靜之褲
黃晶母礦
黑守護手套"
3210205,Black Ratz,黑色發條鼠,34,1150,0,5,115,75,0,75,105,14,70,0,FALSE,"愛奧斯塔2樓
愛奧斯塔3樓
愛奧斯塔4樓
愛奧斯塔5樓
愛奧斯塔93樓(刪除對象)
愛奧斯塔94樓(刪除對象)
愛奧斯塔95樓(刪除對象)
愛奧斯塔96樓(刪除對象)
愛奧斯塔97樓(刪除對象)
愛奧斯塔98樓(刪除對象)","One Handed Mace Forging Stimulator
紅色麻布衣
動物皮
護法之杖
敏捷母礦
白色藥水
製作短劍的催化劑
堅硬的核桃
紅盜賊手套
綠星光長袍
藍寶石母礦
藍色妖精之服
藍色妖精裙
藍色戰鬥頭盔
藍色藥水
褐守護之服
褐守護之褲
赤紅鎧甲
速度藥丸
製作鞋子的催化劑
鞋子跳躍卷軸10%
褐色寶石手套
黑羽翼三角帽
黑褐寂靜之服
黑褐寂靜之褲"
3210206,Helly,黃色戰鬥機,36,1350,0,,115,85,0,105,130,17,77,0,FALSE,"愛奧斯塔94樓
愛奧斯塔95樓
愛奧斯塔100樓
愛奧斯塔 101樓<入場地圖>
愛奧斯塔91樓(刪除對象)
愛奧斯塔92樓(刪除對象)","Knuckler Production Stimulator
Helmet Production Stimulator
Shooting Star
力量母礦
單手劍攻擊卷軸60%
太極扇
製作拳套的催化劑
朱礦石母礦
白色藥水
白貴族之服
祖母綠將軍靴
紅貴族軟帽
紅錦絲鞋
紅黑太陽帽
綠鬥士鞋
綠羽絲絨帽
藍妖精禮服
藍寶石母礦
藍色藥水
藍貴族褲
褐防風帽
金鏈鞋
金飛鏢
飛機螺旋槳
黃金鎧甲
黑打獵鞋
黑色月光服
黑金褲"
3210207,Tick,鼬鼠,34,1100,0,-70,115,95,0,90,90,14,70,0,FALSE,時間分岔道,"Shield Production Stimulator
Helmet Production Stimulator
Two Handed Mace Forging Stimulator
力量母礦
單手斧攻擊卷軸10%
Scroll for One Handed BW for Accuracy10%
雪球
披風敏捷卷軸100%
朱礦長手套
製作長槍的催化劑
格鬥斧
法師短杖
海藍石母礦
白色藥水
石榴石母礦
紅流星鞋
紅羽翼三角帽
綠防風帽
藍星光長袍
藍神聖手套
藍色藥水
藍魔法鞋
鐘錶發條
褐擊中手套
褐守護之服
褐守護褲
鑽石母礦
褐色洛卡特鞋"
3210208,Retz,發條楓葉鼠,36,1400,0,5,120,90,0,85,100,18,78,1,FALSE,"赫爾奧斯塔 2樓
赫爾奧斯塔 99樓
赫爾奧斯塔 100樓","Bottomwear Production Stimulator
藍色緊身服
製作雙手斧的催化劑
向日葵子
命中藥水
幸運母礦
弓攻擊卷軸60%
製作長槍的催化劑
貓眼耳環
白色藥水
紫金月鞋
紅守護之服
紅守護褲
綠假面帽
翡赤之杖
藍神聖法衣
藍神聖裙
藍色藥水
藍飛影甲
褐色戰鬥頭盔
褐色瑞恩手腕
鋰礦石母礦
黃金盜賊手套
黃金勇氣手套
黑月鞋"
3210450,Scuba Pepe,潛水企鵝王,36,1430,0,25,120,90,0,155,100,18,80,0,FALSE,"天空之塔<地下2樓>
海底出入口
企鵝遊樂場","Gun Production Stimulator
彎刀
製作手套的催化劑
暗影刃
槍騎士頭盔
海藍水手頭巾
白色藥水
製作短劍的催化劑
石榴石母礦
氣泡
紫水晶母礦
紅暗影之服
紅暗影之褲
綠雙翼之帽
綠色妖精之服
綠色妖精裙
藍精靈手套
藍色藥水
赤紅鎧甲
強力子彈
星星耳環
黃精靈鞋"
3210800,Lupin,猴子,37,1500,100,25,110,35,125,40,100,20,77,1,FALSE,"猴子森林I
猴子森林Ⅱ
巨人之林
火焰之地Ⅳ
火焰之地Ⅴ
弓箭手村迷宮入口
石人寺院門外
石人寺院Ⅰ
石人寺院Ⅱ
猴子沼澤地Ⅰ
猴子沼澤地Ⅱ
熱帶沙灘
樹林底層
紅螃蟹海灘Ⅰ
大岩石路
沿著軌道
黑森林狩獵場II
森林迷宮I
森林迷宮II
森林迷宮III
森林迷宮V","動物皮
太陽劍
雪球
製作弓的催化劑
披風魔力卷軸60%
製作長槍的催化劑
灰飛影之服
猴子娃娃
白色藥水
矛命中卷軸10%
製作短杖的催化劑
祖母綠母礦
堅硬的羽毛
紫寂靜之服
紫寂靜裙
藍假面帽
藍寶石鎧甲
藍色藥水
蛋白石母礦
褐色術士帽
褐色尖頭皮鞋
鋁球棍
銀的母礦
鋰礦方盾
金飛鏢
製作鞋子的催化劑
香蕉
褐色寶石手套
黃月鞋
黃流星鞋
黑守護之服
黑守護之褲
黑護腕
黑羽翼三角帽"
3220000,Stumpy,樹妖王,35,70000,120,-60,125,50,0,70,80,12,405,1,TRUE,東方岩石山Ⅴ,"套服敏捷卷軸60%
套服幸運卷軸60%
鳳凰刃
雙手劍攻擊卷軸60%
天使之翼
頭盔生命卷軸60%
頭盔敏捷卷軸10%
封魂之錘
弓攻擊卷軸10%
弩攻擊卷軸60%
手套攻擊卷軸60%
披風生命卷軸10%
披風防禦力卷軸60%
拳套攻擊卷軸10%
拳套攻擊卷軸60%
Scroll for Knuckle for Accuracy 60%
暴風錘
槍命中卷軸60%
死靈法杖
火焰刀
Scroll for Eye Accessory for STR 60%
Scroll for Eye Accessory for LUK 60%
矛攻擊卷軸60%
短劍攻擊卷軸60%
黃金斧
Scroll for Bottomwear for DEX 10%
Silver mesos bag
銀龍槍
雷電斧
霸王劍
Bronze mesos bag
鞋子敏捷卷軸10%
黃神弓
黃龍刀"
3220001,Deo,仙人長老,38,118000,200,-60,130,100,0,120,130,18,445,1,TRUE,成年仙人掌沙漠,"沙漠露珠
套服敏捷卷軸60%
套服防禦卷軸60%
雙手劍攻擊卷軸60%
Scroll for Two-Handed BW for ATT 60%
頭盔生命卷軸60%
弩攻擊卷軸60%
手套敏捷卷軸60%
披風生命卷軸60%
披風防禦力卷軸60%
指虎攻擊卷軸60%
烈焰刃
愛心耳環
紫金鎧甲
褐色瑞恩手腕
長杖魔力卷軸60%
Bronze mesos bag
Scroll for Pendant for STR 100%
Scroll for Pendant for INT 100%
黑盜賊手套
黑勇氣手套
黑女貴族服
黑色長手套
黑星光長袍
黑暗之影
黑海盜頭巾
黑精靈手套
黑羽絲絨帽
黑色月光服
黑貴族之服
黑鎮月鎧甲
黑魔道之帽"
3230100,Curse Eye,風獨眼獸,35,1250,65,-15,120,45,0,70,60,10,70,1,FALSE,"猴子迷宮I
猴子迷宮Ⅱ
森林迷宮III
森林迷宮IV
森林迷宮V
巨人之林
北部森林訓練場Ⅲ
北部森林訓練場Ⅳ
北部森林訓練場Ⅷ
北部森林訓練場Ⅸ
黑森林狩獵場I
黑森林狩獵場II
森林迷宮I
森林迷宮II","Gun Production Stimulator
刺槍
製作雙手斧的催化劑
利刃拳套
命中藥水
製作弓的催化劑
弓攻擊卷軸10%
棒棒果
白色藥水
火槍攻擊卷軸10%
紫礦石母礦
紅色武士頭盔
紅龍服
綠星魔法帽
藍色月光服
藍色藥水
褐貴族之服
褐貴族褲
強力子彈
黃晶母礦
黑暗影之服
黑暗影之褲
黑武褲
銀月神射
黑防風帽"
3230101,Jr. Wraith,小幽靈,35,1200,80,0,110,90,0,90,100,17,70,50,FALSE,"地鐵一號線[地區02]
地鐵一號線[地區03]
地鐵二號線[01]
地鐵二號線[地區02]
三號線2號車庫","Helmet Production Stimulator
Two Handed Mace Forging Stimulator
Shooting Star
頭盔生命卷軸10%
頭盔敏捷卷軸100%
戰鬥弓
朱礦護腕
朱礦石母礦
桌布
白色藥水
製作短劍的催化劑
紫礦追擊手套
紅月鞋
紅精靈鞋
綠蛇刀
藍飛影甲
蛋白石母礦
鋰礦名弓手套
黑十字鎖子甲
黑護身鎧甲
黑神聖手套
黑色利刃"
3230102,Lorang,紅螃蟹,37,1950,10,-10,125,100,0,200,85,18,80,1,FALSE,"熱帶沙灘
紅螃蟹海灘Ⅰ
紅螃蟹海灘II
青螃蟹海灘I
青螃蟹海灘II","Bottomwear Production Stimulator
上衣幸運卷軸100%
尼奧札德毀滅拳套
召喚石
太極扇
頭盔智力卷軸100%
製作拳套的催化劑
指虎攻擊卷軸100%
朱礦方盾
樹林之褲
白十字鎖子甲
白色藥水
短劍攻擊卷軸60%
石榴石母礦
紫礦石母礦
花精之影
藍星光長袍
藍精靈鞋
藍色藥水
藍色雨傘
風輪長杖
鋰礦戟
製作長杖的催化劑
褐色洛卡特鞋
雷電
黑盜賊手套
黑神聖手套
黑貴族之服
黑貴族褲
黑鐵頭鞋"
3230103,King Bloctopus,機器章魚王,38,1850,110,5,120,120,130,140,140,18,85,0,FALSE,"愛奧斯塔32樓
愛奧斯塔33樓","Shield Production Stimulator
Topwear Production Stimulator
力量母礦
雙手斧命中卷軸60%
斧戟
滄海之影
滄海之褲
海藍水手頭巾
火焰之弓
塑膠王冠
白色藥水
祖母綠母礦
紫水晶母礦
綠楊柳鞋
耳環智力卷軸10%
藍月鞋
藍色藥水
藍鐵頭盔
藍魔法戰士衣
褐女貴族服
褐貴族裙
製作長杖的催化劑
青銅守護拳套
製作鞋子的催化劑
魔力藥丸
黃輕便手套
黑魔道之帽"
3230104,Mask Fish,蒙面河豚,32,1000,0,,100,70,0,80,70,14,65,0,FALSE,"東海岔道
海藻塔","精鋼拳套
製作單手斧的催化劑
雙手棍命中卷軸60%
堅硬的鱗片
太極扇
製作手套的催化劑
手套敏捷卷軸60%
槍騎士頭盔
求救信
石榴石母礦
紫寂靜之服
紫寂靜裙
紅月鞋
紅浪人之服
紅遊俠裙
翡赤之杖
藍寶石鎧甲
藍神聖法衣
藍神聖裙
褐海盜頭巾
褐羽翼三角帽
鋼鐵長手套
鋼鐵母礦
鞋子敏捷卷軸60%
高原之劍
黑勇氣手套"
3230200,Star Pixie,星光精靈,35,1300,100,0,120,100,130,100,145,21,72,100,FALSE,"雲彩公園Ⅰ
雲彩公園Ⅱ
散步路Ⅰ
雲彩公園Ⅲ
雲彩公園Ⅳ
散步路Ⅱ","Blue White Lined Boots
Star Pixie's Starpiece
Bottomwear Production Stimulator
戰鬥盾牌
Scroll for Cape for STR 100%
披風防禦力卷軸10%
指虎命中卷軸60%
智慧母礦
暴風弓
海藍水手頭巾
海神叉
白色藥水
盾牌防禦卷軸10%
製作矛的催化劑
製作短劍的催化劑
石榴石母礦
堅硬的羽毛
紅守護之服
紅守護褲
紅防風帽
綠錦絲鞋
藍色藥水
藍色雨傘
藍魔道之帽
褐色月光服
鋼製機器手套
鋼鐵母礦
鍋蓋
魔法石
黃沙之劍
黑擊中手套"
3230302,Bloctopus,機器章魚,35,1300,0,0,105,100,115,130,125,15,72,0,FALSE,"愛奧斯塔9樓
愛奧斯塔10樓
愛奧斯塔32樓
愛奧斯塔33樓
愛奧斯塔66樓
愛奧斯塔67樓
愛奧斯塔68樓
愛奧斯塔69樓","Two Handed Sword Forging Stimulator
藍色緊身服
幸運母礦
製作弩的催化劑
披風幸運卷軸10%
月牙戟
朱礦鬥拳
樹林之影
樹林之褲
白色藥水
白銀弩
章魚鑰匙環
紫飛影甲
紅星魔法帽
藍色藥水
蛋白石母礦
銀鬥士鞋
黃金母礦
黑守護之服
黑守護之褲
黑魔法鞋"
3230303,Propelly,粉紅色戰鬥機,37,1700,0,,118,95,0,115,140,18,82,0,FALSE,"愛奧斯塔92樓
愛奧斯塔93樓
愛奧斯塔94樓","神祕護盾
利刃拳套
製作弓的催化劑
智慧母礦
槍命中卷軸60%
棒棒果
炎弩
白女貴族服
白色藥水
白貴族裙
製作矛的催化劑
短劍攻擊卷軸60%
製作短杖的催化劑
紫礦石母礦
紅楊柳鞋
紅海盜頭巾
紅鎮月裙
紅鎮月鎧甲
藍色藥水
虎劍
蛋白石母礦
赤斧
鋼鐵手甲
鋼鐵追擊手套
鋁球棍
鋰礦短杖
飛機引擎
黃鐵頭盔
黑守護鞋
黑星魔法帽"
3230304,Planey,藍色戰鬥機,38,1830,0,,122,105,0,125,150,19,85,0,FALSE,"愛奧斯塔31樓
愛奧斯塔34樓
愛奧斯塔35樓
愛奧斯塔93樓","One Handed Sword Forging Stimulator
Gun Production Stimulator
Overall Production Stimulator
藍色緊身服
刺槍
雙弦弩
幸運母礦
白色藥水
紫荊花耳環
紅意志手套
綠海盜頭巾
綠雷電鞋
翡赤之杖
耳環敏捷卷軸100%
耳環智力卷軸10%
藍元素手套
藍寶石母礦
藍羽絲絨帽
藍色藥水
鋼鐵母礦
銀守護拳套
鋰礦合金手套
青金鎧甲
飛機操縱桿
黃金月長靴
黃金褲
黑暗之影
黑暗之褲"
3230305,Toy Trojan,木馬士兵,39,1920,0,20,124,110,0,130,135,18,92,1,FALSE,"雲彩露臺<5>
雲彩露臺<4>
雲彩露臺<3>
天空露臺<2>
天空露臺<3>","One Handed Mace Forging Stimulator
Shooting Star
One Handed Axe Forging Stimulator
半白武褲
披風防禦力卷軸60%
智慧母礦
月牙戟
木柴
樹枝
白色藥水
盾牌生命卷軸100%
製作短劍的催化劑
祖母綠母礦
紅盜賊手套
紅妖精禮服
藍守護之服
藍守護褲
藍寶石耳環
藍色藥水
褐海盜頭巾
強力子彈
鋰礦諾曼頭盔
青金鎧甲
黃精靈鞋
黑精靈手套"
3230306,Chronos,妖魔,37,1750,30,-20,117,90,0,120,135,20,82,0,FALSE,"時間之路<2>
時間之路<3>","Topwear Production Stimulator
Shield Production Stimulator
Shooting Star
神祕護盾
雙手棍攻擊卷軸60%
製作弓的催化劑
製作手套的催化劑
攻擊藥丸
敏捷母礦
白色藥水
白金褲
白魔道之帽
製作短杖的催化劑
短杖魔力卷軸10%
火槍攻擊卷軸60%
紫守護鞋
紫金鎧甲
紅鬥士鞋
藍海盜頭巾
藍色藥水
褐守護之服
褐守護褲
鋼鐵母礦
鋰礦合金手套
青銅鏈鞋
魔法石
黃金母礦
黑飛影甲
齒輪"
3230307,Chirppy,邱布,31,800,0,,95,60,0,50,70,10,62,0,FALSE,"愛奧斯塔 101樓<入場地圖>
愛奧斯塔91樓(刪除對象)
愛奧斯塔92樓(刪除對象)","Helmet Production Stimulator
精鋼拳套
雙手斧命中卷軸100%
雙枝短刀
製作弓的催化劑
製作弩的催化劑
彎刀
舊的太陽鏡
智慧母礦
樹枝
白色藥水
Scroll for Shield for STR 100%
製作短杖的催化劑
堅硬的羽毛
紫魔者之袍
紅楊柳鞋
紅浪人之服
紅遊俠之褲
綠海盜頭巾
綠色術士帽
藍色藥水
藍魔道之帽
褐精靈鞋
赤斧
鋼鐵長手套
鋼鐵母礦
鐵製輕便手套
黑水晶母礦"
3230308,Tweeter,特威德,39,1900,0,,130,120,0,130,135,17,85,0,FALSE,"愛奧斯塔6樓
愛奧斯塔7樓
愛奧斯塔31樓","One Handed Mace Forging Stimulator
單手斧命中卷軸100%
製作雙手斧的催化劑
利刃拳套
命中藥丸
大錘
妖精短杖
鳥蛋
製作拳套的催化劑
敏捷母礦
柔軟的羽毛
樹枝
棒棒果
白色藥水
盾牌防禦卷軸10%
紫水晶母礦
紅妖精禮服
紅流星鞋
藍月鞋
藍色藥水
褐精靈鞋
鋼鐵方盾
鋰礦合金手套
藍月手套
高原之劍
黃鎮月裙
黃鎮月鎧甲
黑勇氣手套
黑意志手套
黑水晶母礦"
3230400,Drumming Bunny,兔子鼓手,30,950,0,-45,100,38,0,40,65,12,60,0,FALSE,"愛奧斯塔6樓
愛奧斯塔7樓
愛奧斯塔34樓
愛奧斯塔35樓
愛奧斯塔92樓
愛奧斯塔93樓
愛奧斯塔94樓
愛奧斯塔95樓
愛奧斯塔100樓
愛奧斯塔 101樓<入場地圖>","Cold Mind
召喚石
妖精短杖
製作拳套的催化劑
製作長槍的催化劑
玩具鼓
白色藥水
矛命中卷軸10%
火槍攻擊卷軸60%
紅色鞭子
綠守護之服
綠守護之褲
藍寂靜之服
藍寂靜裙
藍色藥水
褐星魔法帽
鋼鐵劍
鋼鐵母礦
鑽石母礦
鍋蓋
製作鞋子的催化劑
黑守護手套
黑獵人服
黑暗母礦
黑色利刃
黑龍袍"
3230405,Jr. Seal,粉紅小海豹,38,1850,0,0,125,90,0,125,130,18,85,1,FALSE,"海底出入口
水中峽谷","Overall Production Stimulator
刺客短刀
命中藥水
製作弩的催化劑
水晶短杖
求救信
海藍石母礦
白色藥水
製作矛的催化劑
矛命中卷軸100%
紫色月光服
紅神聖手套
耳環智力卷軸10%
藍守護之服
藍守護之褲
藍色藥水
藍防風帽
藍雷電鞋
褐弓手鞋
鋼鐵合金手套
鋼鐵母礦
青光斧
青銅母礦
褐色寶石手套
黃沙之劍
龍炎短劍"
4110300,Iron Mutae,鋼鐵穆太,42,2400,0,-20,135,110,0,90,95,12,102,100,FALSE,"研究所B-3區
研究所A-3區","Shield Production Stimulator
Piece of Steel
One Handed Sword Forging Stimulator
箭矢
製作弩的催化劑
弩箭矢
披風敏捷卷軸60%
暴風弓
格鬥斧
綠色強化服
特殊藥水
白色藥水
綠守護之服
綠守護褲
綠星光長袍
綠貴族軟帽
藍色藥水
藍色骷髏頭盔
鑽石母礦
強力子彈
鋰礦十字軍帽
骷髏耳環
黃金母礦
黃陽
黃陽褲
黑暗之影
黑暗之褲
黑暗母礦"
4110301,Reinforced Iron Mutae,強化鋼鐵穆太,45,2550,0,-20,135,150,0,160,200,20,110,250,FALSE,研究所A-3區,"Bottomwear Production Stimulator
Hardened Piece of Steel
套服防禦卷軸60%
力量母礦
雙手劍攻擊卷軸10%
製作雙手棍的催化劑
箭矢
弩箭矢
白色藥水
精靈長杖
紫月
藍色藥水
銀的母礦
鋰礦十字軍帽
鋰礦合金手套
鋰礦石母礦"
4130100,Copper Drake,土龍,45,2700,150,10,150,100,0,100,70,18,105,200,FALSE,"東方岩石山Ⅶ
危險的峽谷
危險的峽谷Ⅱ","Knuckler Production Stimulator
Topwear Production Stimulator
紅色麻布衣
華氏短劍
雙手劍命中卷軸10%
製作雙手斧的催化劑
召喚石
頭盔智力卷軸60%
樹靈之劍
特殊藥水
白色藥水
精靈長杖
紫礦石母礦
紫弓手鞋
紅魔法戰士衣
藍羽翼三角帽
藍色藥水
藍色骷髏頭盔
褲裙生命卷軸60%
褐貴族之服
褐貴族褲
古代錘
鋰礦藍將軍靴
黑十字鎖子甲
黑水晶母礦
黑精靈手套
暴龍的頭骨
龍皮"
4130101,Tortie,烏龜,46,2550,100,-50,125,300,160,300,130,15,110,2000,FALSE,"青螃蟹海灘II
海龜沙灘","One Handed Axe Forging Stimulator
Two Handed Sword Forging Stimulator
烏龜殼
褐色強化皮靴
手套攻擊卷軸10%
披風力量卷軸60%
朱礦護腕
特殊藥水
白女貴族服
白色藥水
白貴族裙
盾牌幸運卷軸100%
製作矛的催化劑
紫水晶母礦
紫黃金風
綠海盜頭巾
藍弓手鞋
藍色藥水
藍魔道之帽
虎劍
鋰礦石母礦
骷髏盾
黃月
黃月褲
黑將軍褲
黑將軍鎧甲"
4130102,Dark Nependeath,黑食人花,47,2700,135,0,145,170,165,220,165,15,115,300,FALSE,"暗影花園
散步路Ⅱ","One Handed Axe Forging Stimulator
力量母礦
雙手棍攻擊卷軸60%
召喚石
製作弩的催化劑
製作手套的催化劑
披風力量卷軸10%
朱礦石母礦
特殊藥水
白色藥水
祖母綠將軍靴
紅將軍褲
紅將軍鎧甲
紅色鞭子
藍意志手套
藍流星鞋
藍精靈手套
藍色藥水
褐色月光服
青陽
青陽褲
黃晶母礦
黃鐵頭盔
黑暗母礦
黑貴族之服
黑貴族褲
黑食人花的種子"
4130103,Rombot,泥人領導者,47,11000,220,-50,165,165,185,180,135,16,720,1000,TRUE,隱藏之塔,"One Handed Sword Forging Stimulator
One Handed Mace Forging Stimulator
單手斧命中卷軸100%
大魔法師短杖
泥人領導者的記憶卡
敏捷母礦
月牙戟
樹靈之斧
特殊藥水
白色藥水
白銀弩
盾牌防禦卷軸10%
石榴石母礦
粉紅黃金風
紅意志手套
綠雷電鞋
藍勇氣手套
藍妖精禮服
赤紅手甲
拉斯菲特之槍
鑽石母礦
丈八蛇矛
青銅母礦
魔法石
黑暗影之服
黑暗影之褲"
4230100,Cold Eye,冰獨眼獸,40,2000,50,5,130,80,0,80,65,15,85,1,FALSE,"北部森林訓練場Ⅳ
冰獨眼獸洞穴Ⅰ
寺院通道Ⅳ
冰獨眼獸洞穴Ⅱ
龍穴
魔龍領土
龍族之地
寺院入口
寺院通道Ⅰ
寺院通道Ⅱ
寺院通道Ⅲ","Two Handed Sword Forging Stimulator
One Handed Mace Forging Stimulator
冰柱
頭盔防禦卷軸60%
舊諾曼頭盔
滄海之褲
活力藥水
火焰之影
貓眼耳環
白色藥水
製作矛的催化劑
矛命中卷軸60%
祖母綠將軍靴
紅色魔法帽
粉紅黃金風
紫礦石母礦
紅守護鞋
紅羽絲絨帽
綠蛇刀
藍色藥水
褐羽絲絨帽
鋼鐵母礦
鷹弩
黃月手套
黃金母礦
黑守護拳套
黑護腕
黑遊俠之褲"
4230101,Zombie Lupin,天使猴,40,1800,100,30,120,70,135,70,110,25,90,100,FALSE,"猴子森林I
猴子迷宮I
猴子森林Ⅱ
猴子迷宮Ⅱ
巫婆森林Ⅰ
巫婆森林Ⅱ
猴子沼澤地Ⅱ
猴子沼澤地Ⅲ","Two Handed Sword Forging Stimulator
Shield Production Stimulator
紅色皇家頭巾
九龍刀
製作弓的催化劑
製作手套的催化劑
Scroll for Spear for Accuracy10%
炎弩
白色藥水
白銀弩
破碎刃
祖母綠鎧甲
堅硬的羽毛
精靈長杖
紫水晶母礦
紫礦石母礦
紫飛影甲
綠守護之服
綠守護之褲
藍色藥水
褐魔道之帽
詛咒娃娃
赤紅護腕
青銅精神手套
黃金鎧甲
黑守護之服
黑星光長袍
黑海盜頭巾
黑鎮月裙
黑鎮月鎧甲"
4230102,Wraith,大幽靈,48,2800,80,15,155,180,0,180,130,20,120,300,FALSE,"地鐵一號線[地區03]
地鐵一號線[地區04]
地鐵二號線[地區02]
地鐵二號線[地區03]
三號線3號車庫","Helmet Production Stimulator
Two Handed Mace Forging Stimulator
召喚石
頭盔智力卷軸10%
褐色強化皮靴
怪藥
製作長槍的催化劑
火黃金法冠
特殊藥水
貓眼耳環
白色藥水
白金褲
石榴石母礦
紫金鎧甲
紅色鞭子
紅貴族軟帽
紅黑太陽帽
綠暗影之服
藍暗影之褲
藍色藥水
藍貴族軟帽
藍黃金風
鋼鐵母礦
強力子彈
鋰礦諾曼頭盔
黃月手套
黑暗母礦"
4230103,Iron Hog,鋼之肥肥,42,2200,60,20,95,400,0,400,100,18,99,100,FALSE,"麗娜的家
張蓉遙遠的家
菇菇王出沒地
地鐵售票處
迷宮通道
弓箭手村迷宮入口","Two Handed Mace Forging Stimulator
半月刃
大斧
頭盔敏捷卷軸100%
朱礦方盾
朱礦石母礦
朱紅妖精禮服
製作長槍的催化劑
特殊藥水
白色藥水
紅月鞋
藍寶石母礦
藍精靈鞋
藍色藥水
褐防風帽
褐魔道之帽
赤仙白宮
赤紅手甲
古代錘
鋼之肥肥的鐵蹄子
黃金盜賊手套"
4230104,Clang,青螃蟹,48,3000,50,0,160,120,0,150,150,20,128,400,FALSE,"青螃蟹海灘I
青螃蟹海灘II
海龜沙灘","Two Handed Sword Forging Stimulator
Gun Production Stimulator
上衣幸運卷軸10%
單手棍攻擊卷軸60%
土黃金法冠
太陽之斧
製作拳套的催化劑
朱礦石母礦
滄海之影
滄海之褲
海藍石母礦
特殊藥水
精靈長杖
紅將軍褲
紅將軍鎧甲
紅色武士頭盔
藍色藥水
惡魔之爪
褐女貴族服
褐貴族裙
鋰礦十字軍帽
青陽
青陽褲
黃色雨傘"
4230105,Nependeath,食人花,42,2100,120,0,135,120,145,120,150,10,99,100,FALSE,"散步路Ⅰ
暗影花園","Topwear Production Stimulator
One Handed Mace Forging Stimulator
太極扇
幸運母礦
製作弩的催化劑
護法之杖
披風防禦力卷軸60%
披風魔力卷軸10%
滄海之影
滄海之褲
白色藥水
白魔法戰士衣
祖母綠母礦
紅錦絲鞋
紅雷電鞋
綠貴族禮服
藍海盜頭巾
藍色藥水
赤紅護腕
青銅母礦
食人花的種子
食人花的花蜜
黃金合金手套
黃金諾曼頭盔
黑女貴族服
黑貴族裙"
4230106,Lunar Pixie,月光精靈,45,2500,115,5,140,145,155,160,165,24,105,200,FALSE,"雲彩公園Ⅱ
散步路Ⅰ
雲彩公園Ⅲ
雲彩公園Ⅳ
散步路Ⅱ
雲彩公園Ⅴ
雲彩公園Ⅵ","One Handed Axe Forging Stimulator
Two Handed Mace Forging Stimulator
紅色皇家頭巾
雙手斧命中卷軸10%
雙手棍命中卷軸10%
智慧母礦
月光精靈的碎片
水黃金法冠
白色藥水
白貴族之服
製作矛的催化劑
堅硬的羽毛
紅精靈鞋
Scroll for Earring for LUK 100%
藍妖精禮服
藍寶石母礦
藍色藥水
藍貴族褲
赤月
赤月褲
銀的母礦
青仙白宮
青金鎧甲
鞋子跳躍卷軸10%
魔法石
黃色雨傘
黃金褲
黃金追擊手套
黃黑太陽帽
黑色利刃
黑輕便手套"
4230107,Flyeye,獨眼蝙蝠,41,1600,80,,130,90,0,110,160,28,95,500,FALSE,"廢棄礦坑Ⅰ
廢棄礦坑Ⅱ
廢棄礦坑Ⅲ
廢棄礦坑Ⅳ
火山通道
危險的洞穴","Helmet Production Stimulator
Two Handed Sword Forging Stimulator
半白武褲
單手棍攻擊卷軸10%
天弓
太極扇
披風力量卷軸10%
製作拳套的催化劑
敏捷母礦
樹林之影
樹林之褲
獨眼蝙蝠之翼
白色藥水
堅硬的羽毛
紫礦將軍靴
紫礦石母礦
紅守護之服
紅守護之褲
綠雷電鞋
藍精靈手套
藍色藥水
蛋白石母礦
褐星光長袍
金龍衣
鑽石母礦
魔法石
黃金勇氣手套
黑妖精禮服"
4230108,Jr. Cerebes, 小獵犬,43,2300,20,0,132,290,0,150,155,25,102,300,FALSE,"試煉的洞穴1
試煉的洞穴2
洞穴裡的小洞穴
試煉的洞穴3","Shield Production Stimulator
九龍刀
動物皮
巨人錘
幸運母礦
製作弓的催化劑
披風智力卷軸10%
海神叉
白色藥水
白魔力長袍
製作短杖的催化劑
堅硬的羽毛
流星
綠黑太陽帽
藍色藥水
褲裙敏捷卷軸100%
褐女貴族服
褐貴族裙
鋼鐵手甲
鋼鐵母礦
製作長杖的催化劑
青銅十字軍帽
黃晶母礦
黑勇氣手套
黑色利刃
黑鐵頭鞋
黑黃金法冠"
4230109,Block Golem,積木泥人,42,2400,0,-60,135,110,0,90,95,12,102,300,FALSE,"愛奧斯塔4樓
愛奧斯塔5樓
愛奧斯塔8樓
隱藏之塔
愛奧斯塔9樓
愛奧斯塔10樓","Two Handed Sword Forging Stimulator
尼奧札德毀滅拳套
單手棍命中卷軸60%
大刀
製作手套的催化劑
敏捷母礦
炎弩
白色藥水
盾牌防禦卷軸60%
矛命中卷軸10%
製作短劍的催化劑
紫荊花耳環
紅色月光服
藍板金褲
藍板金鎧甲
藍羽絲絨帽
藍色藥水
鋼鐵母礦
骷髏盾
黃色玩具積木
黃金名弓手套
黑護腕
黑月鞋
黑防風帽
黑魔道之帽"
4230110,King Block Golem,積木泥人王,45,2600,0,-40,150,130,0,110,105,14,110,400,FALSE,"愛奧斯塔5樓
愛奧斯塔8樓
隱藏之塔","One Handed Sword Forging Stimulator
Ocher Shouldermail (M)
套服防禦卷軸60%
力量母礦
雙手劍命中卷軸10%
雙手劍攻擊卷軸10%
製作弓的催化劑
槍攻擊卷軸60%
樹林之影
樹林之褲
特殊藥水
白色藥水
盾牌力量卷軸60%
火槍攻擊卷軸10%
紅元素手套
紅海盜頭巾
紅色鞭子
紅鎮月裙
紅鎮月鎧甲
綠守護之服
綠守護褲
藍色玩具積木
Scroll for Bottomwear for DEX 10%
褲裙跳躍卷軸60%
褐星魔法帽
褐板金褲
褐色戰鬥頭盔
褐色瑞恩手腕
製作長杖的催化劑
黃金將軍靴
黑意志手套
黑水晶母礦
黑羽絲絨帽"
4230111,Robo,藍色機器人,41,2000,0,-40,133,190,0,175,105,15,99,0,FALSE,"玩具工廠<A工程2>
玩具工廠<A工程4>
玩具工廠<A工程5>
玩具工廠<機械室>
玩具工廠<B工程2>
玩具工廠<B工程3>
玩具工廠<B工程4>","One Handed Axe Forging Stimulator
紅色皇家頭巾
雙手劍命中卷軸100%
製作雙手斧的催化劑
製作拳套的催化劑
智慧母礦
樹靈之劍
白色藥水
盾牌生命卷軸100%
短劍攻擊卷軸10%
紫金月鞋
紅神聖法衣
紅神聖裙
紅飛影甲
紅魔道之帽
綠弓手鞋
綠羽絲絨帽
藍十字鎖子甲
藍色藥水
褲、裙防禦卷軸10%
諾曼頭盔
鋼鐵手甲
銀的母礦
鋰礦石母礦
黃月鞋"
4230112,Master Robo,紅色機器人,44,2450,0,-30,140,210,0,195,115,18,105,0,FALSE,"玩具工廠<A工程1>
玩具工廠<A工程2>
玩具工廠<B工程1>
玩具工廠<B工程2>","One Handed Axe Forging Stimulator
Helmet Production Stimulator
套服敏捷卷軸10%
太陽之斧
頭盔生命卷軸60%
製作弓的催化劑
智慧母礦
機器心臟
樹靈之劍
特殊藥水
白色藥水
綠陽
綠陽褲
藍寶手甲
藍流星鞋
藍色藥水
藍錦絲鞋
虎劍
褐羽絲絨帽
拉斯菲特之槍
雷電
黃色雨傘
黃金月長靴
黑色長手套
黑星光長袍
黑貴族軟帽"
4230114,Platoon Chronos,進化妖魔,41,2050,50,-15,125,130,142,160,145,22,99,0,FALSE,"時間之路<1>
遺失的時間<1>","Gun Production Stimulator
Knuckler Production Stimulator
紅色麻布衣
力量母礦
半月巨刀
製作雙手斧的催化劑
手套攻擊卷軸60%
樹靈之斧
鑽石護盾
白色藥水
白金褲
紫金鎧甲
紅星光長袍
紅防風帽
綠星魔法帽
藍色藥水
褐守護之服
褐守護之褲
速度藥丸
鑽石母礦
鋰礦方盾
丈八蛇矛
黃月鞋
黑盜賊手套
齒輪"
4230115,Master Chronos,妖魔隊長,46,2600,70,-10,130,170,160,200,155,24,115,300,FALSE,"時間之路<4>
遺失的時間<2>","Knuckler Production Stimulator
雙手斧攻擊卷軸10%
雙手棍命中卷軸10%
頭盔敏捷卷軸60%
幸運母礦
製作拳套的催化劑
特殊藥水
白色藥水
盾牌力量卷軸60%
石榴石母礦
紅精靈鞋
藍黃金風
惡魔之爪
褲裙跳躍卷軸100%
褐將軍褲
褐將軍鎧甲
褐貴族之服
褐貴族褲
速度藥水
鋰礦名弓手套
製作長杖的催化劑
長杖魔力卷軸10%
藍月手套
黃晶母礦
黃金月長靴
黃金錘
黑手甲
土飛鏢
黑魔法戰士衣
齒輪"
4230116,Barnard Gray,葛雷族人,40,1930,130,-10,120,140,140,160,170,18,95,0,FALSE,"克嵐草原Ⅰ
克嵐草原Ⅱ
克嵐草原Ⅲ
巴那草原","Gun Production Stimulator
Helmet Production Stimulator
Two Handed Mace Forging Stimulator
宇宙糧食
戰鬥盾牌
披風防禦力卷軸10%
敏捷母礦
敏捷藥丸
朱紅魔法戰士衣
法師短杖
白色藥水
紅精靈手套
藍色藥水
藍貴族軟帽
褐精靈鞋
褐色瑞恩手腕
鋼鐵母礦
鑽石母礦
銀製十字軍帽子
銀的母礦
鐵釘錘
高原之劍
黃流星鞋
黃色雨傘
黑暗之影
黑暗之褲"
4230117,Zeta Gray,葛雷士兵,42,2300,55,,130,160,150,180,190,20,102,,FALSE,"克嵐草原Ⅱ
克嵐草原Ⅲ
克嵐草原Ⅳ","Overall Production Stimulator
力量母礦
土黃金法冠
小型宇宙船
製作弓的催化劑
朱礦石母礦
樹靈之斧
白色藥水
製作短杖的催化劑
破碎刃
紫礦追擊手套
紅貴族軟帽
藍色藥水
藍黑太陽帽
鑽石母礦
鐵製輕便手套
鞋子速度卷軸60%
魔力藥丸
黃鎮月裙
黃鎮月鎧甲
黑色利刃
敏捷盾牌
黑貴族之服
黑貴族褲
銀月神射
黑魔法戰士衣"
4230118,Ultra Gray,葛雷隊長,45,2550,170,-5,140,180,155,200,210,21,110,0,FALSE,"克嵐草原Ⅳ
克嵐草原Ⅴ","Shield Production Stimulator
Topwear Production Stimulator
One Handed Mace Forging Stimulator
Bottomwear Production Stimulator
頭盔敏捷卷軸10%
手套敏捷卷軸10%
智慧母礦
朱礦長手套
滄海之褲
火焰之影
特殊藥水
白色藥水
白魔道之帽
盾牌力量卷軸60%
祖母綠武士頭盔
綠黃金風
藍星光長袍
褐色尖頭皮鞋
鋰礦石母礦
骷髏耳環
魔力藥丸
黃晶母礦
黃金褲
黃金鎧甲
黃金錘
黑守護之服
黑守護褲
黑手甲
土飛鏢"
4230119,Mateon,馬堤安,41,2080,150,-40,130,120,135,120,160,16,99,0,FALSE,"危險地帶
洛斯威爾草原Ⅰ
洛斯威爾草原Ⅱ
洛斯威爾草原Ⅲ
馬堤安草原","Overall Production Stimulator
製作雙手斧的催化劑
雙手斧命中卷軸100%
馬堤安的觸角
幸運母礦
手套攻擊卷軸60%
攻擊藥丸
滄海之褲
海藍石母礦
火焰之影
白色藥水
紫礦石母礦
紅鎮月裙
紅鎮月鎧甲
綠防風帽
藍弓手鞋
藍色藥水
褐星光長袍
赤月手套
褐色瑞恩手腕
鐵頭皮鞋
強力子彈
銀制鎧甲
青銅名弓手套
製作鞋子的催化劑"
4230120,Plateon,培利堤安,44,2480,0,0,140,140,0,190,170,18,105,0,FALSE,"洛斯威爾草原Ⅰ
洛斯威爾草原Ⅱ
洛斯威爾草原Ⅲ
洛斯威爾草原Ⅳ
培利堤安草原
德秋的房間
走道 201
堤安之地","One Handed Sword Forging Stimulator
Bottomwear Production Stimulator
Scroll for Overall Armor for STR 100%
召喚石
培利堤安的頭盔
天弓
手套攻擊卷軸60%
智慧母礦
特殊藥水
白女貴族服
白色藥水
白貴族裙
祖母綠母礦
紫雷電鞋
紅星魔法帽
紅貴族禮服
耳環生命卷軸100%
藍意志手套
惡魔之爪
褐羽翼三角帽
丈八蛇矛
製作鞋子的催化劑
黑妖精禮服
黑暗之影
黑暗之褲
黑鎮月裙
黑鎮月鎧甲"
4230121,Mecateon,梅卡堤安,46,2600,170,-50,135,160,158,210,180,20,110,300,FALSE,"洛斯威爾草原Ⅲ
洛斯威爾草原Ⅳ
德秋的房間
梅卡堤安草原
走道 201
堤安之地","力量母礦
製作雙手斧的催化劑
梅卡堤安的光線槍
大魔法師短杖
太陽之斧
褐色羅伊斯手套
製作弩的催化劑
製作手套的催化劑
特殊藥水
白色藥水
白魔道之帽
火槍攻擊卷軸60%
紫月
紫月褲
紫礦追擊手套
紅色月光服
藍寶石母礦
蛋白石母礦
褐海盜頭巾
赤紅鎧甲
長杖魔力卷軸10%
黃金勇氣手套
黑板金褲
黑板金鎧甲
黑神聖法衣
黑神聖裙"
4230123,Sparker,長牙海豹,43,2400,150,-20,130,140,155,172,160,15,103,100,FALSE,"貝殼山丘
西海岔道","Topwear Production Stimulator
Helmet Production Stimulator
天弓
幸運母礦
褐色羅伊斯手套
弓攻擊卷軸60%
指虎攻擊卷軸60%
月牙戟
製作長槍的催化劑
求救信
海豹肉
白色藥水
祖母綠武士頭盔
堅硬的羽毛
藍色藥水
蛋白石母礦
黑女貴族服
黑護腕
黑水晶母礦
黑貴族裙"
4230124,Freezer,短牙海豹,42,2300,150,-20,130,120,150,160,170,20,102,100,FALSE,"紅珊瑚之林
西海岔道","披風敏捷卷軸60%
暴風弓
製作長槍的催化劑
格鬥斧
求救信
海豹肉
特殊藥水
白色藥水
製作短劍的催化劑
綠守護之服
綠守護褲
綠星光長袍
綠貴族軟帽
褐色皮製遠洋帽
藍色藥水
藍色骷髏頭盔
鑽石母礦
鋰礦十字軍帽
骷髏耳環
黃金母礦
黃陽
黃陽褲
黑暗之影
黑暗之褲
黑暗母礦"
4230125,Skeledog,骷髏犬,44,2450,0,20,140,170,0,190,120,18,107,100,FALSE,"遺跡之墓Ⅰ
遺跡之墓Ⅱ
遺跡之墓Ⅲ","One Handed Sword Forging Stimulator
Overall Production Stimulator
華氏短劍
巨人錘
手套生命卷軸60%
護法之杖
槍攻擊卷軸60%
白色藥水
Scroll for Shield for STR 100%
骷髏犬骨頭
紫金月鞋
流星
紅精靈鞋
紅色戰鬥頭盔
綠防風帽
藍色藥水
褐星魔法帽
鑽石母礦
銀的母礦
製作長杖的催化劑
青仙白宮
青銅母礦
鞋子跳躍卷軸10%
魔法石
黑色利刃"
4230126,Mummydog,木乃伊犬,47,2750,0,20,145,175,0,195,130,18,117,100,FALSE,"遺跡之墓Ⅰ
遺跡之墓Ⅱ
遺跡之墓Ⅲ","One Handed Mace Forging Stimulator
上衣力量卷軸10%
上衣幸運卷軸60%
雙手棍攻擊卷軸60%
召喚石
披風力量卷軸10%
朱礦石母礦
製作長槍的催化劑
特殊藥水
白色藥水
白魔法戰士衣
祖母綠母礦
紅鎮月鎧甲
繃帶
褐色皮製遠洋帽
藍妖精禮服
藍色藥水
褐女貴族服
褐貴族褲
鋰礦合金手套
青銅戰鬥手套
青銅柔絲手套
黃晶母礦
黃月手套
黃金褲"
4230200,Poopa,河豚,40,1900,120,,100,130,135,160,150,18,95,0,FALSE,"海底出入口
企鵝遊樂場","Helmet Production Stimulator
製作單手斧的催化劑
雙天戟
製作雙手棍的催化劑
頭盔防禦卷軸60%
智慧母礦
朱礦石母礦
槍命中卷軸100%
求救信
火黃金法冠
白銀弩
氣泡
紅黑太陽帽
綠貴族禮服
河豚的卵
藍色藥水
藍鐵頭鞋
褲裙生命卷軸100%
褐將軍褲
褐將軍鎧甲
褐色月光服
赤陽
赤陽褲
褐色尖頭皮鞋
鋰礦石母礦
鞋子跳躍卷軸60%
黃金鎧甲
黑羽絲絨帽
黑金褲"
4230201,Poison Poopa,毒河豚,40,1910,130,,120,140,140,100,150,18,97,0,FALSE,"水中峽谷
紅珊瑚之林
貝殼山丘","Topwear Production Stimulator
Shield Production Stimulator
Knuckler Production Stimulator
上衣力量卷軸100%
製作雙手斧的催化劑
手套敏捷卷軸60%
攻擊藥水
敏捷母礦
朱礦長手套
樹林之褲
求救信
白妖精禮服
白色藥水
盾牌防禦卷軸60%
祖母綠母礦
氣泡
粉紅黃金風
綠羽翼三角帽
綠錦絲鞋
花精之影
藍神聖手套
藍色藥水
藍貴族禮服
銀的母礦
藍月耳環
青月褲
黃金合金手套"
4230300,Moon Bunny,月妙,45,2600,170,0,150,100,155,180,190,20,110,150,FALSE,"烏山入口
烏山深處
小山泉","Gun Production Stimulator
Blue Adventurer Cape
上衣力量卷軸100%
尼奧札德毀滅拳套
動物皮
頭盔敏捷卷軸60%
製作拳套的催化劑
搗米棒
智慧母礦
朱礦方盾
白色藥水
製作矛的催化劑
藍寶石母礦
藍月鞋
藍色藥水
藍鐵頭鞋
銀的母礦
青光斧
鞋子跳躍卷軸10%
魔法石
黃流星鞋
黃色雨傘
黃金勇氣手套
黑色利刃"
4230400,Iron Boar,鋼之黑肥肥,45,2750,0,20,150,350,0,350,195,20,115,1700,FALSE,鋼之黑肥肥之地,"雙手劍攻擊卷軸60%
製作弓的催化劑
朱紅魔法戰士衣
特殊藥水
白色藥水
盾牌幸運卷軸100%
製作短杖的催化劑
紫荊花耳環
紫金月鞋
藍勇氣手套
藍色藥水
褐女貴族服
褐海盜頭巾
褐貴族裙
鋼之黑肥肥的盔甲碎片
鋼鐵母礦
鑽石母礦
製作長杖的催化劑
青銅弓箭
青銅弩箭
製作鞋子的催化劑
黃月鞋
黑水晶母礦"
4230500,Chipmunk,松鼠,40,1900,125,-20,110,135,0,100,150,15,95,150,FALSE,"天空森林入口
天空森林小徑","One Handed Mace Forging Stimulator
Knuckler Production Stimulator
尼奧札德毀滅拳套
動物皮
頭盔防禦卷軸60%
箭矢
弩箭矢
槍騎士頭盔
橡樹果實
白色藥水
白魔道之帽
製作短劍的催化劑
紅色魔法帽
藍守護之服
藍守護褲
藍星光長袍
藍色藥水
赤飛影之服
赤飛影之褲
鋼鐵母礦
強力子彈
銀制鎧甲
黃金母礦
黃鐵頭盔"
4230501,Red Porky,豪豬,41,2000,150,-20,125,120,0,150,150,15,99,150,FALSE,"天空森林入口
天空森林小徑
天空森林深處","上衣生命卷軸100%
土黃金法冠
箭矢
弩箭矢
製作手套的催化劑
敏捷母礦
白色藥水
盾牌防禦卷軸60%
製作矛的催化劑
紫月褲
紫荊花耳環
藍流星鞋
藍色藥水
鋼鐵手甲
鋼鐵母礦
褐色尖頭皮鞋
製作長杖的催化劑
頂針
黑色月光服"
4230502,Black Porky,黑豪豬,43,2400,150,-20,130,130,0,160,150,15,103,150,FALSE,"天空森林小徑
天空森林深處
花蛇的領土","One Handed Axe Forging Stimulator
Gun Production Stimulator
單手斧命中卷軸10%
天弓
褐色強化皮靴
幸運母礦
弓攻擊卷軸60%
箭矢
弩箭矢
手套生命卷軸100%
月牙戟
白色藥水
製作矛的催化劑
祖母綠武士頭盔
藍色藥水
蛋白石母礦
針線插包
黑女貴族服
黑水晶母礦
黑色利刃
黑貴族裙"
4230503,Blue Flower Serpent,青花蛇,45,2550,0,-20,135,170,0,150,200,20,110,250,FALSE,"花蛇的領土
天空森林的盡頭","Helmet Production Stimulator
Two Handed Mace Forging Stimulator
Blue Adventurer Cape
箭矢
弩箭矢
智慧母礦
貓眼耳環
白色藥水
矛命中卷軸100%
藍寶石母礦
藍色藥水
蛇皮革
銀的母礦
青仙白宮
青頭巾
青花蛇的泳帽
製作鞋子的催化劑
鞋子跳躍卷軸10%
黑板金褲
黑板金鎧甲
銀月神射"
4230504,Red Flower Serpent,紅花蛇,45,2550,0,-20,135,150,0,160,200,20,110,250,FALSE,"花蛇的領土
天空森林的盡頭","One Handed Sword Forging Stimulator
Overall Production Stimulator
套服防禦卷軸60%
力量母礦
雙手劍攻擊卷軸10%
箭矢
製作弩的催化劑
弩箭矢
槍命中卷軸100%
白色藥水
精靈長杖
紫月
紅花蛇的花
褐色皮製遠洋帽
藍色藥水
蛇皮革
強力子彈
銀的母礦
鋰礦十字軍帽
鋰礦合金手套
鋰礦石母礦"
4230505,Jar,罈壺,47,2700,100,-30,140,155,0,160,130,18,117,250,FALSE,"荒廢的藥草田
貧脊的藥草田","Knuckler Production Stimulator
雙手斧攻擊卷軸10%
召喚石
大魔法師短杖
頭盔防禦卷軸60%
敏捷母礦
綠色強化服
火黃金法冠
甕的碎片
白色藥水
製作短劍的催化劑
石榴石母礦
藍色藥水
藍魔法戰士衣
強力子彈
製作鞋子的催化劑
黃晶母礦
黑板金鎧甲"
4230506,Ginseng Jar,蔘罈壺,48,2800,100,-30,145,165,0,170,140,20,123,250,FALSE,"荒廢的藥草田
貧脊的藥草田
一般的藥草田
肥沃的藥草田","Topwear Production Stimulator
Gun Production Stimulator
雙手斧命中卷軸100%
召喚石
人蔘水
製作手套的催化劑
槍命中卷軸60%
白色藥水
石榴石母礦
祖母綠耳環
紅色鞭子
紅貴族軟帽
紅鋼玉裙
紅鋼玉鎧甲
藍色藥水
褲裙生命卷軸10%
赤月
赤月褲
拉斯菲特之槍
鋼鐵母礦
黑頭巾
黑鎮月裙
黑鎮月鎧甲"
4240000,Chief Gray,葛雷元老,49,9000,220,-60,140,140,180,250,140,25,580,0,FALSE,"巴那草原
克嵐草原Ⅳ
克嵐草原Ⅴ","Overall Production Stimulator
製作雙手斧的催化劑
雙手斧命中卷軸10%
召喚石
命中藥丸
頭盔敏捷卷軸60%
幸運母礦
舊鋰礦諾曼頭盔
星石
樹林之褲
水黃金法冠
特殊藥水
葛雷元老的標誌
白色藥水
破碎刃
紫弓手鞋
紅色魔法披風
紅雷電鞋
花精之影
褲裙跳躍卷軸10%
褐弓手鞋
古代錘
鋰礦藍將軍靴
製作長杖的催化劑
長杖魔力卷軸60%
黃金母礦
黑女貴族服
黑水晶母礦
黑貴族裙"
5090000,Shade,冥界幽靈,48,130000,200,0,165,150,180,180,130,999,180,400,TRUE,"地鐵一號線[地區04]
地鐵二號線[地區03]","Scroll for Belt for STR 100%
Scroll for Belt for DEX 100%
Scroll for Belt for INT 100%
Scroll for Belt for LUK 100%
Bronze mesos bag
黑盜賊手套
黑勇氣手套
黑女貴族服
黑色長手套
黑星光長袍
黑暗之影
黑精靈手套
黑羽絲絨帽
黑色月光服
黑貴族之服
黑魔道之帽"
5090001,Master Dummy,仙人娃娃,59,643015,200,-50,170,180,190,210,100,999,220,600,TRUE,初級修煉場,"上衣防禦卷軸10%
套服敏捷卷軸60%
單手劍攻擊卷軸60%
單手斧攻擊卷軸60%
單手棍攻擊卷軸60%
雙手劍攻擊卷軸10%
雙手劍攻擊卷軸60%
紙劍
披風智力卷軸10%
披風防禦力卷軸60%
披風魔力卷軸60%
白色腰帶
竹刀
Scroll for Face Accessory for STR 100%
Scroll for Face Accessory for DEX 100%
Scroll for Face Accessory for INT 100%
Scroll for Face Accessory for LUK 100%
褲、裙防禦卷軸60%
Silver mesos bag
長杖魔力卷軸60%
Bronze mesos bag
鞋子敏捷卷軸60%
鞋子跳躍卷軸60%
鞋子速度卷軸60%
黃色腰帶"
5100000,Jr. Yeti,小雪球,50,3700,20,-20,150,170,0,180,120,25,135,1,FALSE,"冰面Ⅰ
冰面Ⅱ
冰雪峽谷Ⅰ
雪人之谷
尖銳的絕壁Ⅰ","Topwear Production Stimulator
動物皮
單手劍命中卷軸10%
Scroll for One Handed Axe for Accuracy100%
雪吉拉之皮
製作弓的催化劑
弩攻擊卷軸10%
手套攻擊卷軸60%
敏捷母礦
月牙戟
柔軟的羽毛
綠色強化服
火焰之弓
特殊藥水
白色藥水
盾牌力量卷軸10%
盾牌幸運卷軸10%
製作短杖的催化劑
紫守護鞋
紫水晶母礦
紅聖黨之服
Scroll for Earring for LUK 60%
藍聖黨之服
藍色藥水
藍貴族禮服
鋰礦石母礦
鋰礦精神手套
製作長杖的催化劑
黃金弩
黑飛影之服
黑飛影之褲"
5100002,Firebomb,火精靈,51,3600,42,-10,145,255,0,205,155,28,142,500,FALSE,"試煉的洞穴1
試煉的洞穴3
火山的氣息<第1階段>","Topwear Production Stimulator
Two Handed Mace Forging Stimulator
力量母礦
華氏短劍
披風魔力卷軸60%
火精靈的火精
白色藥水
石榴石母礦
紅和平之帽
紅無痕之鞋
綠黑太陽帽
Scroll for Earring for HP 60%
藍板金褲
藍板金鎧甲
藍色月光服
藍色藥水
古代錘
拉斯菲特之槍
鋼鐵母礦
金飛鏢
製作鞋子的催化劑
魔法石
黃沙之劍
黑暗之影
黑暗之褲
黑貴族軟帽"
5100003,Hodori,小虎,50,3800,40,0,170,150,0,180,100,28,140,650,FALSE,"烏山深處
小山泉
小池塘
老虎樹林Ⅰ
老虎樹林Ⅱ
老虎山坡","One Handed Axe Forging Stimulator
Knuckler Production Stimulator
刺客短刀
動物皮
褐色羅伊斯手套
弩攻擊卷軸10%
強效魔力水
手套攻擊卷軸60%
指虎命中卷軸100%
敏捷母礦
製作長槍的催化劑
樹靈之斧
特殊藥水
白色藥水
盾牌防禦卷軸60%
紫水晶母礦
紅精靈鞋
綠貴族禮服
老虎腳印
藍色藥水
褐將軍鎧甲
褐板金褲
古代錘
鋰礦石母礦"
5100004,Samiho,三尾狐,56,4500,120,-20,165,150,180,190,135,28,185,500,FALSE,"烏山峽谷
狐狸山坡
月亮山坡","One Handed Axe Forging Stimulator
Two Handed Sword Forging Stimulator
三尾狐的尾巴
上衣生命卷軸100%
動物皮
十字槍
聖十字耳環
紫色皇家套裝
敏捷母礦
朱旋風甲
特殊藥水
白聖黨之服
短杖魔力卷軸60%
紫礦將軍靴
紫礦石母礦
紅元素手套
藍板金褲
藍板金鎧甲
藍色藥水
蛋白石母礦
製作長杖的催化劑
長杖魔力卷軸60%
黃月手套
黃飛影之服
黃飛影之褲
黑暗母礦"
5100005,Hogul,虎傑,53,4500,160,-70,185,185,0,215,140,25,165,450,FALSE,"小池塘
老虎樹林Ⅰ
老虎樹林Ⅱ
老虎山坡
烏山峽谷","Bottomwear Production Stimulator
動物皮
雙手棍攻擊卷軸60%
巨人錘
幸運母礦
披風幸運卷軸10%
製作長槍的催化劑
特殊藥水
白色藥水
製作矛的催化劑
火槍攻擊卷軸60%
紫礦石母礦
紅聖黨之服
耳環敏捷卷軸100%
藍色藥水
虎皮
褲裙生命卷軸60%
鋼鐵母礦
青陽
青陽褲
高原之劍
魔法石
黃月
黃月褲
土飛鏢"
5110302,Neo Huroid,奈歐洛伊德,58,5600,200,-30,170,180,205,210,155,20,205,600,FALSE,"研究所C-2區
研究所C-3區","Helmet Production Stimulator
Plug
上衣幸運卷軸60%
Scroll for Two-Handed Axe for Accuracy 10%
將軍的紅頭盔
手套攻擊卷軸60%
黑色舒爾特手套
製作長槍的催化劑
特殊藥水
白弓羽
白色藥水
盾牌幸運卷軸100%
盾牌防禦卷軸60%
製作矛的催化劑
紫月
紫月褲
綠花精鞋
藍色藥水
藍貴族禮服
銀忍者頭巾
黃月手套
黃金母礦"
5120000,Luster Pixie,日光精靈,52,4000,200,-15,160,125,170,265,130,22,155,500,FALSE,"雲彩公園Ⅴ
雲彩公園Ⅵ","Helmet Production Stimulator
Ocher Shouldermail (M)
Overall Production Stimulator
上衣幸運卷軸100%
套服防禦卷軸60%
力量母礦
單手劍命中卷軸60%
召喚石
巨人錘
製作弓的催化劑
戰鬥盾牌
披風智力卷軸10%
黑色舒爾特手套
日光精靈的碎片
柔軟的羽毛
海藍石母礦
特殊藥水
白色藥水
白貴族之服
製作短杖的催化劑
紫礦將軍靴
紫花精鞋
紅妖精禮服
耳環生命卷軸100%
藍色藥水
藍貴族褲
藍雷電鞋
褐板金褲
鋼鐵封印手套
強力子彈
青銅十字軍帽
黃金母礦
黑暗母礦
黑海盜頭巾
黑色利刃"
5120001,Cellion,紅獨角獅,53,4200,160,5,150,170,175,210,150,25,160,500,FALSE,"紅光庭園 II
天空階梯Ⅰ","Blaze Capsule
力量母礦
半月巨刀
單手劍攻擊卷軸10%
雙手棍命中卷軸60%
製作手套的催化劑
Scroll for Cape for STR 100%
朱旋風甲
製作長槍的催化劑
柔軟的羽毛
愛心耳環
特殊藥水
白色藥水
盾牌力量卷軸10%
製作矛的催化劑
石榴石母礦
紫礦石母礦
紫金月鞋
紅神聖服
紅獨角獅尾
藍月鞋
藍色藥水
赤陽
赤陽褲
銀製十字軍帽子
魔法石
黑色巴西里靴
黑盜賊手套
黑將軍褲
黑將軍鎧甲"
5120002,Lioner,黃獨角獅,53,4200,160,5,150,170,175,210,150,25,160,500,FALSE,"黃光庭園 II
天空階梯Ⅰ","One Handed Sword Forging Stimulator
Overall Production Stimulator
雙手劍攻擊卷軸60%
雙手棍命中卷軸60%
召喚石
披風智力卷軸10%
智慧母礦
柔軟的羽毛
樹靈之劍
特殊藥水
白色藥水
製作短劍的催化劑
祖母綠武士頭盔
祖母綠母礦
紫雷電鞋
紅元素手套
綠弓手鞋
褐色皮製遠洋帽
藍色藥水
藍色骷髏頭盔
赤弓羽
赤草露
鋼鐵合金手套
強力子彈
鋰礦石母礦
青光斧
黃獨角獅尾
黑暗之影
黑暗之褲"
5120003,Grupin,藍獨角獅,53,4200,160,5,150,170,175,210,150,25,160,500,FALSE,"藍光庭園 II
天空階梯Ⅰ","Glaze Capsule
Two Handed Sword Forging Stimulator
Bottomwear Production Stimulator
冰柱
雙翼刃
巨型錘
幸運母礦
披風幸運卷軸10%
朱紅妖精禮服
柔軟的羽毛
水仙耳環
特殊藥水
白色藥水
盾牌幸運卷軸60%
紅海盜頭巾
紅魔道之帽
耳環幸運卷軸10%
藍元素手套
藍寶石母礦
藍月鞋
藍獨角獅尾
藍色藥水
鋼鐵母礦
青仙白宮
青月褲
紫色亞麻水手頭巾
魔法石
黃金將軍靴
黃鎮月裙
黃鎮月鎧甲
土飛鏢"
5120100,MT-09,機器人堤安,54,13500,170,-50,170,280,180,280,140,20,980,300,TRUE,堤安之地,"One Handed Mace Forging Stimulator
Helmet Production Stimulator
紫凌劍
光明斧
力量母礦
單手劍命中卷軸60%
古老銀盾
機器人堤安的燃料
製作弩的催化劑
弩攻擊卷軸10%
月石
梅花耳環
特殊藥水
白色藥水
紫水晶母礦
紫黃金風
藍貴族軟帽
褐女貴族服
褐貴族裙
赤月手套
速度藥丸
鑽石母礦
黃金母礦
黃陽
黃陽褲
黑魔道之帽"
5120500,Grizzly,功夫熊,56,4800,150,-30,165,180,0,200,135,18,185,400,FALSE,"野熊的領土1
野熊的領土2
野熊的領土3","Overall Production Stimulator
Scroll for Overall Armor for LUK 100%
動物皮
十字槍
聖十字耳環
頭盔敏捷卷軸10%
製作手套的催化劑
黑色舒爾特手套
敏捷母礦
朱旋風甲
柔軟的羽毛
熊掌
白色藥水
製作矛的催化劑
短杖魔力卷軸60%
紫礦將軍靴
紫礦石母礦
紅元素手套
藍色藥水
蛋白石母礦
強力子彈
長杖魔力卷軸60%
黃月手套
黃色腰帶
黃飛影之服
黃飛影之褲
黑暗母礦"
5120501,Bellflower Root,深山人蔘,53,4200,160,-20,150,170,0,210,150,16,160,400,FALSE,"一般的藥草田
肥沃的藥草田
豐饒的藥草田
人蔘谷","Gun Production Stimulator
Knuckler Production Stimulator
上衣幸運卷軸100%
塞爾拉利刃拳套
幸運母礦
披風幸運卷軸10%
槍命中卷軸100%
深山人蔘
水仙耳環
白色藥水
藍寶石母礦
藍色藥水
藍貴族禮服
赤草露
鋼鐵母礦
青仙白宮
青銅暴風甲
青銅暴風褲
魔法石"
5120502,Sr. Bellflower Root,千年人蔘,54,4400,160,-40,155,180,0,215,150,18,168,400,FALSE,"豐饒的藥草田
人蔘谷","Shield Production Stimulator
Two Handed Sword Forging Stimulator
One Handed Axe Forging Stimulator
上衣幸運卷軸60%
製作手套的催化劑
綠色強化服
白色藥水
百年人蔘
皮手套
盾牌生命卷軸60%
紅鋼玉褲
紅鋼玉鎧甲
藍寶石母礦
藍板金褲
藍板金鎧甲
藍色藥水
青仙白宮
魔法石
黃陽
黃陽褲
黑獵人帽
黑暗母礦
黑褐寂靜之服"
5120503,Straw Target Dummy,訓練用稻草人,50,3000,40,-50,140,170,0,200,80,15,135,300,FALSE,"初級修煉場
下級修煉場
中級修煉場","One Handed Sword Forging Stimulator
上衣生命卷軸10%
刺客短刀
頭盔智力卷軸10%
褐色強化皮靴
製作弓的催化劑
製作弩的催化劑
弩攻擊卷軸10%
強效魔力水
敏捷母礦
樹靈之斧
白色藥水
盾牌生命卷軸60%
盾牌幸運卷軸10%
盾牌防禦卷軸60%
製作短杖的催化劑
稻草娃娃
紅精靈鞋
綠貴族禮服
藍寶石母礦
藍色藥水
褐將軍鎧甲
褐板金褲"
5120504,Wooden Target Dummy,訓練用木頭人,51,3200,40,-50,170,200,0,160,85,18,142,300,FALSE,"下級修煉場
中級修煉場
上級修煉場","Two Handed Mace Forging Stimulator
Topwear Production Stimulator
套服防禦卷軸60%
力量母礦
召喚石
戰鬥盾牌
手套生命卷軸10%
木頭娃娃
海藍石母礦
火黃金法冠
白色藥水
盾牌力量卷軸60%
綠陽
綠陽褲
藍色藥水
褲裙跳躍卷軸10%
褐玄武之甲
褐玄武之褲
強力子彈
銀飄風鞋
紫色亞麻水手頭巾
黃金母礦"
5120505,Reindeer,梅花鹿,58,5600,200,-30,170,180,205,210,155,20,205,600,FALSE,"仙桃果園1
濃霧森林
仙桃果園2
仙桃果園3","One Handed Mace Forging Stimulator
上衣生命卷軸60%
Scroll for Overall Armor for STR 10%
動物皮
紫色皇家套裝
斷裂的鹿角
將軍的紅頭盔
手套攻擊卷軸60%
製作長槍的催化劑
柔軟的羽毛
特殊藥水
白弓羽
白色藥水
盾牌生命卷軸10%
盾牌防禦卷軸60%
製作矛的催化劑
紫月
紫月褲
綠花精鞋
藍色藥水
藍貴族禮服
銀忍者頭巾
黃月手套
黃金母礦"
5120506,The Book Ghost,書靈,55,4500,150,-40,155,150,0,220,150,20,175,400,FALSE,"濃霧森林
仙人之林
妖怪之林","Bottomwear Production Stimulator
光明斧
鳳凰之弓
製作雙手斧的催化劑
雙手棍攻擊卷軸60%
秘笈的書頁
手套生命卷軸10%
方天戟
破舊的紙張
白色藥水
盾牌生命卷軸60%
製作短劍的催化劑
紫金月鞋
綠羽絲絨帽
耳環敏捷卷軸60%
藍色藥水
褲裙跳躍卷軸100%
拉斯菲特之槍
強力子彈
青旋風甲
青金鎧甲
青陽
青陽褲
高原之劍
黃金母礦
黃鐵頭盔
黑水晶母礦"
5130100,Drake,青龍,50,3200,100,-10,165,110,0,150,75,18,135,500,FALSE,"龍族狩獵場
冰獨眼獸洞穴Ⅰ
冰獨眼獸洞穴Ⅱ
龍穴
龍族之地","One Handed Mace Forging Stimulator
上衣生命卷軸10%
雙天戟
製作拳套的催化劑
攻擊藥水
暴風弓
格鬥斧
特殊藥水
白色藥水
白龍之杖
製作矛的催化劑
紫月
紫月褲
流星
褐色皮製遠洋帽
藍貴族禮服
速度藥水
鑽石母礦
銀的母礦
鍋蓋
金飛鏢
鷹弩
黃月鞋
黃金母礦
黑妖精禮服
黑意志手套
黑板金褲
黑板金鎧甲
暴龍的頭骨
龍皮
暴龍之肉
暴龍之血"
5130101,Stone Golem,石巨人,55,4000,120,-70,180,130,0,100,80,15,170,1000,FALSE,"弓箭手村迷宮入口
石人寺院門外
石人寺院入口
石人寺院Ⅰ
石人寺院Ⅱ","Helmet Production Stimulator
褐色強化皮靴
製作弓的催化劑
弓攻擊卷軸60%
製作弩的催化劑
弩攻擊卷軸60%
水晶短杖
活力藥水
特殊藥水
猛禽斧
白魔法戰士衣
製作短杖的催化劑
石塊
紅十字盾牌
綠鋼玉裙
綠鋼玉鎧甲
綠黃金風
藍寶石耳環
藍精靈鞋
藍色藥水
赤月
赤月褲
金飛鏢
雷電
青銅十字軍帽
青銅忍者頭巾
黃金盜賊手套
黑色長手套
黑暗之影
黑水晶母礦"
5130102,Dark Stone Golem,黑曜石巨人,58,4800,150,-50,195,150,0,200,70,18,200,1500,FALSE,"森林迷宮III
森林迷宮IV
森林迷宮V
巨人之林
石人寺院Ⅲ","Knuckler Production Stimulator
Gun Production Stimulator
古代卷軸
上衣幸運卷軸60%
雙手棍攻擊卷軸60%
聖十字耳環
製作手套的催化劑
指虎攻擊卷軸100%
舊諾曼頭盔
樹林之褲
特殊藥水
白金褲
紫金鎧甲
紅鋼玉褲
紅鋼玉鎧甲
綠黑太陽帽
花精之影
藍天使鞋
藍色藥水
褲裙跳躍卷軸60%
褐精靈鞋
灼熱地獄
鋼鐵合金手套
青旋風甲
魔靈之翼
黑封印手套
黑忍者頭巾
黑星光長袍
黑暗母礦
黑水晶母礦
黑石塊
土飛鏢
黑色魔法披風
黑貴族軟帽"
5130103,Croco,黑鱷魚,52,3800,75,-30,172,120,0,80,80,20,170,500,FALSE,"鱷魚潭Ⅰ
鱷魚潭Ⅱ","Two Handed Mace Forging Stimulator
單手棍命中卷軸60%
雙手棍命中卷軸60%
古老木盾
紫色皇家套裝
頭盔敏捷卷軸100%
護法之杖
指虎攻擊卷軸60%
特殊藥水
白色藥水
白飛影之服
白飛影之褲
紅魔法戰士衣
綠貴族禮服
藍色藥水
蛋白石母礦
鑽石母礦
製作長杖的催化劑
青銅柔絲手套
青銅母礦
黃月
黃月褲
黃黑太陽帽
黑鱷魚皮
黑黃金法冠
龍炎短劍"
5130104,Hector,野狼,55,4600,50,-10,165,120,175,120,100,20,170,800,FALSE,"冰面Ⅰ
冰面Ⅱ
結冰的平原Ⅰ
結冰的平原Ⅱ
尖銳的絕壁3
尖銳的絕壁4
寒冰平原","One Handed Sword Forging Stimulator
Gun Production Stimulator
Green Adventurer Cape
動物皮
雙手斧命中卷軸100%
妖精之錘
幸運母礦
披風敏捷卷軸60%
製作拳套的催化劑
Scroll for Knuckle for Accuracy10%
火黃金法冠
特殊藥水
堅硬的羽毛
紫水晶母礦
紫金月鞋
紅盜賊手套
綠貴族軟帽
綠陽
綠陽褲
Scroll for Earring for HP 60%
藍色藥水
惡魔之爪
金蛇劍
鋼鐵母礦
金飛鏢
青仙白宮
黃精靈鞋
黃金弩
黑精靈手套"
5130105,Dark Jr. Yeti,黑色小雪球,56,4400,40,-10,155,180,0,190,130,27,180,500,FALSE,"尖銳的絕壁Ⅰ
尖銳的絕壁Ⅱ
危險的絕壁","Gun Production Stimulator
Two Handed Mace Forging Stimulator
動物皮
雙手斧命中卷軸60%
古老銀盾
聖十字耳環
頭盔敏捷卷軸100%
黑吉拉之皮
敏捷母礦
水黃金法冠
特殊藥水
白龍之杖
短杖魔力卷軸60%
堅硬的羽毛
紫礦石母礦
耳環敏捷卷軸60%
藍色藥水
藍色魔法披風
藍黑太陽帽
蛋白石母礦
褐女貴族服
褐貴族裙
赤神功手套
金無痕之鞋
青銅戰鬥手套
青銅暴風甲
黑暗母礦
黑鎮月裙
黑鎮月鎧甲"
5130107,Coolie Zombie,殭屍,57,4500,110,-50,165,165,185,180,135,25,190,800,FALSE,"亡者之林Ⅰ
亡者之林Ⅱ
亡者之林Ⅲ
亡者之林Ⅳ","Shield Production Stimulator
黑色書本
殭屍的臼齒
Scroll for Overall Armor for LUK 100%
塞爾拉利刃拳套
力量母礦
製作雙手斧的催化劑
頭盔智力卷軸10%
樹靈之斧
水仙耳環
特殊藥水
白弓羽
白色藥水
紅精靈手套
紅色魔法披風
紅貴族禮服
綠和平之帽
藍勇氣手套
藍色藥水
藍鋼玉褲
藍鋼玉鎧甲
褐玄武之甲
褐玄武之褲
赤陽
赤陽褲
古代錘
製作長杖的催化劑
青銅忍者頭巾
青銅母礦
製作鞋子的催化劑
黃晶母礦
黃流星鞋
黑月鞋"
5140000,White Fang,白狼,58,5800,100,0,170,200,205,220,150,25,220,1000,FALSE,"結冰的平原Ⅰ
結冰的平原Ⅱ
王冠之地
冰雪峽谷Ⅰ
尖銳的絕壁3
尖銳的絕壁4
狼的領土1
狼的領土2
狼的領土3
寒冰平原","One Handed Axe Forging Stimulator
光明斧
動物皮
雙手棍命中卷軸10%
召喚石
大錘
頭盔智力卷軸100%
將軍的紅頭盔
箭矢
製作弩的催化劑
智慧母礦
柔軟的羽毛
梅花耳環
特殊藥水
盾牌防禦卷軸60%
石榴石母礦
紫月
紫月褲
紫礦將軍靴
紫金月鞋
紅月鞋
藍神聖服
藍鬥士披風
藍色藥水
赤仙白宮
金無痕之鞋
鋼鐵護腕
鑽石母礦
青旋風甲
製作鞋子的催化劑
黃月手套
黃金勇氣手套
土飛鏢"
5150000,Mixed Golem,混種石巨人,59,6000,150,-70,200,160,190,220,100,20,210,1100,FALSE,"森林迷宮V
巨人之林
石人寺院Ⅳ","Two Handed Mace Forging Stimulator
Topwear Production Stimulator
Two Handed Sword Forging Stimulator
將軍的紅頭盔
手套生命卷軸60%
手套攻擊卷軸60%
混種石塊
火焰之杖
灰飛影之服
灰飛影之褲
特殊藥水
白弓羽
白色藥水
盾牌生命卷軸10%
盾牌防禦卷軸60%
紫月
紫月褲
綠花精鞋
藍色藥水
藍鋼玉褲
藍鋼玉鎧甲
銀忍者頭巾
黑色巴西里靴
黃月手套
黃金封印手套
黃金母礦"
5150001,Skeleton Soldier,骷髏士兵,57,4500,100,-45,165,160,165,160,135,25,190,500,FALSE,"遺跡之墓Ⅱ
遺跡之墓Ⅲ
第1軍營
第2軍營
第3軍營","One Handed Axe Forging Stimulator
Bottomwear Production Stimulator
單手斧命中卷軸100%
製作弓的催化劑
拳套攻擊卷軸60%
槍命中卷軸60%
特殊藥水
白飛影之服
白飛影之褲
黃司令帽
製作短杖的催化劑
短杖魔力卷軸60%
祖母綠將軍靴
粉紅黃金風
紫礦石母礦
紅神聖之冠
紅聖黨之服
肋骨
藍色藥水
藍鋼玉褲
藍鋼玉鎧甲
藍雷電鞋
蛋白石母礦
褐天空之帽
褐弓手鞋
銀製戰盔
長杖魔力卷軸60%
青旋風甲
黑色巴西里靴"
5200000,Jr. Sentinel,小石球,23,600,10,-10,70,30,0,40,55,8,40,0,FALSE,"天空之城塔<20層>
天空之城塔<19層>
天空之城塔<18層>
天空之城塔<17層>
天空之城塔<16層>
天空之城塔<9層>
天空之城塔<8層>","Double Tail Knuckler
雙手斧攻擊卷軸10%
雙手棍命中卷軸60%
白銀之錘
小石球的石塊
幸運母礦
橘色藥水
海星鏢
紫礦軍官裙
紫礦軍官鎧甲
藍色藥水
褐色自由帽
鋼錘
青銅弓箭
青銅弩箭
青銅母礦
黃晶母礦
黑寂靜之服
黑寂靜裙"
5200001,Ice Sentinel,冰石球,30,900,50,-20,105,275,118,85,75,12,55,0,FALSE,"天空之城塔<13層>
天空之城塔<12層>
天空之城塔<10層>
天空之城塔<8層>","冰石球的石塊
打獵褲
披風智力卷軸60%
斧戟
智慧母礦
橘色藥水
海藍石母礦
白牧師長袍
紅寂靜之服
紅寂靜裙
藍獵人服
藍星魔法帽
藍色藥水
鋰礦石母礦
青銅弓箭
青銅弩箭
通通樂
魔法石"
5200002,Fire Sentinel,火石球,30,900,50,-20,105,275,118,85,75,12,55,0,FALSE,"天空之城塔<12層>
天空之城塔<11層>
天空之城塔<10層>
天空之城塔<9層>","手套攻擊卷軸10%
智慧母礦
橘色藥水
火焰之弓
火石球的石塊
白十字鎖子甲
盾牌生命卷軸100%
石榴石母礦
紫守護鞋
紫礦石母礦
綠浪人之服
綠遊俠裙
藍守護手套
藍敏捷之服
藍敏捷褲
藍皮製鎧甲
藍色藥水
青銅弓箭
青銅弩箭
魔法石
方形耳環"
5220000,King Clang,巨居蟹,55,500000,200,-20,165,120,175,120,100,20,1210,1000,TRUE,海龜沙灘,"套服智力卷軸60%
單手劍攻擊卷軸10%
紫色皇家套裝
將軍的紅頭盔
弩攻擊卷軸60%
彩虹游泳圈
手套攻擊卷軸60%
手套敏捷卷軸10%
披風力量卷軸60%
披風幸運卷軸60%
披風防禦力卷軸10%
拳套攻擊卷軸60%
黑色舒爾特手套
救生圈
盾牌防禦卷軸10%
Scroll for Eye Accessory for STR 100%
Scroll for Eye Accessory for INT 100%
粉紅天使鞋
紅十字鞋
紅鋼玉鎧甲
赤旋風甲
赤草露
赤飛影之褲
Silver mesos bag
鞋子敏捷卷軸10%
鞋子跳躍卷軸60%
紫色亞麻水手頭巾
黑色巴西里靴
黃金柔絲手套
黑和平之帽
黑神聖服
黑封印手套
黑弓羽
黑忍者頭巾
黑戰鬥手套
黑無痕之鞋
黑游泳圈
黑神功手套
黑聖黨之服
黑鋼玉鎧甲
黑飛影之服"
5220002,Faust,殭屍猴王,55,350000,100,-30,165,110,0,150,100,20,410,600,TRUE,"巫婆森林Ⅰ
巫婆森林Ⅱ","九龍刀
套服智力卷軸10%
套服防禦卷軸60%
雙手斧攻擊卷軸60%
大魔法師短杖
天弓
太陽之斧
弩攻擊卷軸60%
手套敏捷卷軸60%
披風智力卷軸10%
披風智力卷軸60%
披風防禦力卷軸10%
拳套攻擊卷軸60%
指虎攻擊卷軸100%
槍攻擊卷軸10%
黃金杖
樹靈之劍
樹靈之斧
炎弩
白龍之杖
盾牌生命卷軸10%
盾牌力量卷軸60%
盾牌防禦卷軸60%
短杖魔力卷軸10%
火槍攻擊卷軸60%
破碎刃
耳環智力卷軸60%
虎劍
惡魔之爪
古代錘
拉斯菲特之槍
釣魚杆
丈八蛇矛
長杖魔力卷軸60%
Bronze mesos bag
鞋子速度卷軸60%
Scroll for Pendant for DEX 100%
Scroll for Pendant for LUK 100%
黃金錘
黑手甲"
5220003,Timer,咕咕鐘,58,415000,200,-30,200,180,205,230,150,20,650,1100,TRUE,"遺失的時間<1>
時間漩渦
遺失的時間<2>","紫凌劍
上衣防禦卷軸60%
光明斧
套服敏捷卷軸10%
套服幸運卷軸60%
鳳凰之弓
塞爾拉利刃拳套
十字槍
單手棍攻擊卷軸60%
Scroll for Two-Handed Axe for Accuracy 10%
Scroll for Two-Handed BW for ATT 60%
雙翼刃
聖賢短杖
奇型刀
妖精之錘
巨型錘
紙製頭盔
弓攻擊卷軸10%
手套生命卷軸10%
手套攻擊卷軸60%
披風力量卷軸60%
披風智力卷軸60%
披風防禦力卷軸10%
Scroll for Knuckle for Accuracy 60%
指虎攻擊卷軸60%
方天戟
槍攻擊卷軸60%
火焰之杖
猛禽斧
盾牌力量卷軸10%
Scroll for Eye Accessory for DEX 100%
Scroll for Eye Accessory for LUK 100%
短杖魔力卷軸60%
火槍攻擊卷軸10%
耳環智力卷軸10%
Scroll for Bottomwear for DEX 10%
灼熱地獄
金蛇劍
Silver mesos bag
長杖魔力卷軸10%
Bronze mesos bag
鞋子跳躍卷軸60%
魔靈之翼
黃金弩
黑戰神拳套"
5250001,Stone Bug,石蟲,51,3600,40,-80,170,255,0,200,800,15,142,500,FALSE,,"Knuckler Production Stimulator
大魔法師短杖
褐色羅伊斯手套
披風力量卷軸10%
製作拳套的催化劑
白色藥水
石塊
石榴石母礦
藍色藥水
鋰礦藍將軍靴
青銅母礦
黃月
黃陽
黑貴族軟帽"
5300000,Leatty,利堤,32,1000,40,-40,110,45,0,70,65,13,60,1,FALSE,"天空之城塔<7層>
天空之城塔<6層>
天空之城塔<5層>
冰雪山丘","Two Handed Sword Forging Stimulator
精鋼拳套
力量母礦
半白武褲
召喚石
迴旋鏢
利堤的毛球
製作手套的催化劑
白色藥水
祖母綠母礦
粉紅術士帽
紅神聖手套
紅魔法鞋
綠打獵鞋
藍命中手套
藍寶石耳環
藍色藥水
風輪長杖
金龍衣
鋼鐵母礦
鑽石母礦
製作長杖的催化劑
鞋子跳躍卷軸10%
黑雙翼之帽
黑寂靜之服
黑寂靜裙"
5300001,Dark Leatty,黑利堤,33,1100,60,-40,120,60,0,80,65,15,65,1,FALSE,"天空之城塔<5層>
天空之城塔<4層>
天空之城塔<3層>
天空之城塔<2層>","Knuckler Production Stimulator
Topwear Production Stimulator
Dark Leatty Furball
上衣防禦卷軸10%
召喚石
大刀
製作弩的催化劑
智慧母礦
暗影刃
海藍水手頭巾
白色藥水
紫色月光服
綠楊柳鞋
藍羽翼三角帽
藍色藥水
蛋白石母礦
褲裙敏捷卷軸100%
青銅母礦
黑假面帽
黑守護之服
黑守護褲
黑輕便手套
黑魔力長袍"
5300100,Malady,巫婆,55,4200,90,,170,100,0,200,150,20,175,500,FALSE,"巫婆森林Ⅰ
巫婆森林Ⅱ","Knuckler Production Stimulator
鳳凰之弓
製作雙手斧的催化劑
天弓
巫婆的青蛙實驗
褐色羅伊斯手套
製作弓的催化劑
水仙耳環
特殊藥水
白妖精禮服
白色藥水
製作短杖的催化劑
紅貴族禮服
綠羽絲絨帽
綠鋼玉褲
綠鋼玉鎧甲
綠黃金風
藍寶手甲
藍色藥水
鋼鐵柔絲手套
青金鎧甲
魔法石
黃金合金手套
黃金母礦
黃鐵頭盔
黑暗母礦
黑水晶母礦
黑金褲"
5400000,Jr. Pepe,小企鵝王,35,1400,70,10,130,110,0,100,105,18,75,1000,FALSE,"天空之城塔<2層>
天空之城塔<1層>
冰雪山丘","Shield Production Stimulator
One Handed Sword Forging Stimulator
大錘
小企鵝王的魚
巨人錘
幸運母礦
Scroll for Knuckle for Accuracy10%
指虎攻擊卷軸60%
朱礦石母礦
海神叉
白色藥水
製作短劍的催化劑
祖母綠鎧甲
流星
紅精靈手套
紅金寂靜之服
紅金寂靜之褲
綠守護之服
綠守護褲
藍寶石母礦
藍色藥水
藍防風帽
諾曼頭盔
製作長杖的催化劑
長杖魔力卷軸60%
青銅弓箭
青銅弩箭
魔法石
褐色寶石手套
黑色利刃"
6090000,Riche,厄運死神,65,438000,500,-30,180,200,270,400,150,999,255,1000,TRUE,"亡者之林Ⅰ
亡者之林Ⅱ
亡者之林Ⅲ
亡者之林Ⅳ","紫凌劍
上衣防禦卷軸60%
光明斧
鳳凰之弓
塞爾拉利刃拳套
十字槍
雙手劍攻擊卷軸60%
雙翼刃
大戰鬥錘
頭盔防禦卷軸60%
奇型刀
妖精之錘
巨型錘
弓攻擊卷軸10%
拳套攻擊卷軸60%
方天戟
火焰之杖
猛禽斧
Scroll for Eye Accessory for DEX 60%
Scroll for Eye Accessory for INT 60%
矛攻擊卷軸60%
諾瓦刀
灼熱地獄
金蛇劍
Silver mesos bag
青銅弓箭
青銅弩箭
Bronze mesos bag
魔靈之翼
黃金弩
黑戰神拳套"
6090001,Snow Witch,雪山魔女,64,598100,200,-50,177,190,230,230,140,999,250,800,TRUE,"冰面Ⅰ
冰面Ⅱ
寒冰平原","Ice Tear
Shapka for Hunters
上衣防禦卷軸10%
套服防禦卷軸60%
鳳凰之弓
塞爾拉利刃拳套
雙手劍攻擊卷軸10%
手套敏捷卷軸60%
披風智力卷軸10%
披風智力卷軸60%
盾牌防禦卷軸60%
耳環智力卷軸60%
灼熱地獄
Gold mesos bag
Silver mesos bag
鞋子敏捷卷軸60%
鞋子跳躍卷軸60%
鞋子速度卷軸60%
Scroll for Pendant for DEX 60%
Scroll for Pendant for LUK 60%
黃金弩
黑戰神拳套"
6090002,Bamboo Warrior,竹刀武士,68,864500,300,-20,200,190,290,270,130,999,265,1300,TRUE,,"七星劍
Dark Scroll for One-Handed Sword for ATT 70%
Dark Scroll for One-Handed Axe for ATT 70%
Dark Scroll for One-Handed BW for ATT 70%
Dark Scroll for Two-Handed Sword for ATT 70%
Dark Scroll for Two-Handed Axe for ATT 70%
Dark Scroll for Two-Handed BW for ATT 70%
Dark Scroll for Bow for ATT 70%
Dark Scroll for Crossbow for ATT 70%
Dark Scroll for Claw for ATT 70%
Dark Scroll for Knuckle for ATT 70%
無名劍
中華拉麵
豚骨拉麵
Dark Scroll for Spear for ATT 70%
活力藥水
白色藥水
Dark Scroll for Pole Arm for ATT 70%
Dark Scroll for Dagger for ATT 70%
Dark Scroll for Gun for ATT 70%
竹刀
綠色斗笠
藍色斗笠
褐色斗笠
Gold mesos bag
Silver mesos bag"
6090004,Rurumo,紅藍雙怪,63,556000,100,-30,190,190,220,220,150,999,245,1000,TRUE,"研究所B-1區
研究所C-2區
研究所B-3區","單手斧攻擊卷軸60%
單手棍攻擊卷軸60%
天使之翼
封魂之錘
手套敏捷卷軸60%
披風防禦力卷軸10%
披風防禦力卷軸60%
死靈法杖
溫度計
盾牌防禦卷軸10%
短劍攻擊卷軸60%
短杖魔力卷軸60%
Gold mesos bag
長杖魔力卷軸60%
雷電斧
霸王劍
鞋子敏捷卷軸10%
鞋子敏捷卷軸60%
鞋子跳躍卷軸60%
鞋子速度卷軸60%
Scroll for Pendant for STR 60%
Scroll for Pendant for INT 60%"
6110300,Homun,燒杯怪,65,11000,80,-20,182,170,270,245,110,24,255,0,FALSE,研究所201號房,"Beaker
One Handed Mace Forging Stimulator
力量母礦
十字槍
舊諾曼頭盔
水仙耳環
活力藥水
盾牌力量卷軸10%
製作矛的催化劑
紫礦暴風甲
紫礦暴風褲
紅鬥士披風
黃閃電甲
藍寶戰神拳套
藍水晶涼鞋
藍飄雲之衣
鑽石母礦
製作長杖的催化劑
藍月耳環
青銅母礦
魔靈之翼
黑色巴西里靴
黃金弩
黃金神眼手套
黃金耳環
黃飛影之服
黃飛影之褲
黑神聖服
黑將軍鎧甲"
6130100,Red Drake,赤龍,60,6000,120,0,200,190,220,220,150,22,220,1000,FALSE,危險的峽谷Ⅱ,"One Handed Mace Forging Stimulator
Blaze Capsule
Helmet Production Stimulator
塞爾拉利刃拳套
滄海之影
滄海之褲
活力藥水
火焰之杖
火焰羽毛
特殊藥水
製作短劍的催化劑
粉紅天使鞋
紫十字鞋
紫礦石母礦
紅鬥士披風
綠花精鞋
Scroll for Earring for LUK 100%
藍神眼手套
藍龍皮鞋
赤月
赤月手套
赤月褲
金水晶涼鞋
雷之鏢
鑽石母礦
銀忍者頭巾
鋰礦暴風甲
鋰礦暴風褲
骷髏盾
黑和平之帽
黑神聖服
黑貴族之服
黑貴族褲
黑飛影之服
黑飛影之褲
暴龍的頭骨
龍皮"
6130101,Mushmom,蘑菇王,60,558000,200,5,200,320,300,320,150,27,1200,1000,TRUE,菇菇王出沒地,"Blaze Capsule
上衣幸運卷軸10%
上衣防禦卷軸60%
套服敏捷卷軸60%
套服防禦卷軸60%
單手棍命中卷軸60%
頭盔生命卷軸60%
頭盔智力卷軸100%
頭盔防禦卷軸60%
手套攻擊卷軸60%
手套敏捷卷軸60%
披風防禦力卷軸60%
披風防禦力卷軸60%
毒之菇
水仙耳環
白龍之杖
盾牌防禦卷軸60%
耳環智力卷軸60%
Scroll for Belt for STR 60%
Scroll for Belt for LUK 60%
褲、裙防禦卷軸60%
褲裙跳躍卷軸10%
褲裙跳躍卷軸60%
Gold mesos bag
鋼鐵方盾
Silver mesos bag
鞋子敏捷卷軸60%
鞋子跳躍卷軸60%
鞋子速度卷軸60%
日之鏢"
6130103,Pepe,企鵝王,60,7200,100,60,167,210,0,225,200,30,220,1000,FALSE,王冠之地,"Bottomwear Production Stimulator
上衣力量卷軸60%
上衣防禦卷軸60%
企鵝王的嘴
製作拳套的催化劑
敏捷母礦
製作長槍的催化劑
活力藥水
火焰刀
特殊藥水
紅無痕之鞋
紅色武士頭盔
綠陽
綠陽褲
藍司令帽
藍戰鬥手套
藍板金褲
藍板金鎧甲
藍水晶涼鞋
藍花精鞋
藍魔法戰士衣
鋼鐵母礦
青銅名譽手套
黃天使鞋
黑鬥士披風
黑水晶母礦
黑羽絲絨帽
黑鋼玉褲
黑鋼玉鎧甲"
6130200,Buffy, 小丑柏非,61,7400,80,-30,170,213,210,229,130,23,230,1300,FALSE,扭曲的時間之路<1>,"One Handed Mace Forging Stimulator
Ocher Shouldermail (M)
紅色威斯克套裝
單手斧命中卷軸60%
奇型刀
披風防禦力卷軸60%
製作拳套的催化劑
智慧母礦
槍命中卷軸60%
活力藥水
特殊藥水
短杖魔力卷軸60%
黃金斧
紫礦石母礦
紅魔法戰士衣
紅龍皮鞋
藍海盜頭巾
藍色魔法披風
藍草露
藍鐵頭盔
褐戰魂手套
褐板金褲
褐弓手鞋
赤神弓
鋼鐵母礦
長杖魔力卷軸60%
骷髏耳環
黃金封印手套
黃金柔絲手套
黑戰鬥手套
黑無痕之鞋
黑水晶母礦"
6130202,Morphed Blin,變身小鬼怪,60,3500,170,-40,195,220,200,230,200,25,330,900,FALSE,"鬼怪山脊
深山凶宅","One Handed Sword Forging Stimulator
Topwear Production Stimulator
Overall Production Stimulator
上衣防禦卷軸60%
套服敏捷卷軸60%
天弓
頭盔生命卷軸60%
掃把
敏捷母礦
月牙戟
活力藥水
特殊藥水
白銀弩
紫花精鞋
綠鋼玉裙
綠鋼玉鎧甲
鋼鐵封印手套
鋼鐵柔絲手套
鋼鐵母礦
丈八蛇矛
黃飛影之服
黃飛影之褲
黑板金褲
黑板金鎧甲
黑水晶母礦
黑色魔法披風"
6130203,Panda,柔道貓熊,60,6500,100,-30,180,200,0,230,150,22,225,700,FALSE,"野熊的領土2
野熊的領土3
流浪熊的領土","One Handed Sword Forging Stimulator
Two Handed Sword Forging Stimulator
動物皮
單手斧命中卷軸60%
雙手劍命中卷軸10%
製作弩的催化劑
柔軟的羽毛
活力藥水
火黃金法冠
熊掌
特殊藥水
紫礦石母礦
紅守護鞋
紅色腰帶
黑色海盜頭巾
藍色魔法披風
褲裙生命卷軸10%
雷之鏢
鑽石母礦
黃月
黃月褲
黑神聖服
黑女貴族服
黑貴族裙"
6130207,Peach Monkey,蟠猴,62,7500,100,20,185,170,200,200,200,25,240,700,FALSE,"仙桃果園1
仙桃果園2
仙桃果園3","Two Handed Mace Forging Stimulator
Overall Production Stimulator
動物皮
製作雙手斧的催化劑
雙手斧命中卷軸60%
天弓
黑色航海靴
柔軟的羽毛
活力藥水
白神聖服
白色藥水
白色魔法披風
短杖魔力卷軸60%
紅隱者之服
紅隱者之褲
耳環生命卷軸10%
藍月鞋
蛋白石母礦
仙桃種子
高等子彈
黃黑太陽帽
黑妖精禮服"
6130208,Kru,船員克魯,68,12500,100,0,200,190,290,250,130,26,265,1300,FALSE,"古老泥沼
金勾海賊團基地1
金勾海賊團基地2
金勾海賊團基地3","製作雙手斧的催化劑
巨型錘
智慧母礦
製作長槍的催化劑
活力藥水
海賊的標示
特殊藥水
白色藥水
短劍攻擊卷軸10%
火槍攻擊卷軸10%
紅色昂斯
紅白銀鎧甲
紅白銀鎧甲
紅追擊鞋
綠閃電甲
藍寶石母礦
藍打獵鞋
鋼鐵古代盾牌
黑色威斯克手套
銀製耳環
鋰礦石母礦
黃金弩
黑司令帽"
6130209,Sage Cat,喵仙,66,9000,200,-30,220,160,270,200,120,24,255,1000,FALSE,"仙人之林
妖怪之林
妖怪之林2","Gun Production Stimulator
Helmet Production Stimulator
動物皮
單手劍命中卷軸60%
Scroll for One Handed Axe for Accuracy100%
幸運母礦
柔軟的羽毛
梅花耳環
海藍石母礦
特殊藥水
貓咪娃娃
白色藥水
盾牌幸運卷軸10%
製作短劍的催化劑
耳環智力卷軸60%
蛋白石母礦
灼熱地獄
金剛刃
鋼鐵古代盾牌
魔法石
黃陽
黃陽褲"
6220000,Dyle,沼澤巨鱷,65,684000,200,-30,190,190,200,220,150,30,810,1500,TRUE,"鱷魚潭Ⅰ
鱷魚潭Ⅱ","套服敏捷卷軸60%
套服幸運卷軸60%
鳳凰刃
雙手劍攻擊卷軸60%
天使之翼
頭盔生命卷軸60%
頭盔敏捷卷軸10%
封魂之錘
弓攻擊卷軸10%
弩攻擊卷軸60%
手套攻擊卷軸60%
披風生命卷軸10%
披風防禦力卷軸60%
拳套攻擊卷軸10%
拳套攻擊卷軸60%
Scroll for Knuckle for Accuracy 60%
暴風錘
槍命中卷軸60%
死靈法杖
火焰刀
Scroll for Eye Accessory for STR 60%
Scroll for Eye Accessory for LUK 60%
矛攻擊卷軸60%
短劍攻擊卷軸60%
黃金斧
Scroll for Bottomwear for DEX 10%
Silver mesos bag
銀龍槍
雷電斧
霸王劍
Bronze mesos bag
鞋子敏捷卷軸10%
黃神弓
黃龍刀"
6220001,Zeno,葛雷金剛,65,734000,300,-40,205,210,0,200,150,29,940,5400,TRUE,葛雷之谷,"上衣幸運卷軸60%
光線鞭子
套服幸運卷軸60%
力量母礦
單手斧攻擊卷軸60%
單手棍命中卷軸10%
宇宙糧食
小型宇宙船
手套攻擊卷軸60%
披風智力卷軸60%
智慧母礦
槍攻擊卷軸60%
白色藥水
盾牌幸運卷軸10%
矛攻擊卷軸60%
短劍攻擊卷軸60%
火槍攻擊卷軸60%
祖母綠武士頭盔
紅天空之帽
黑色海盜頭巾
Scroll for Belt for DEX 100%
Scroll for Belt for LUK 100%
藍色藥水
Gold mesos bag
高等子彈
Silver mesos bag
鋰礦戰盔
鞋子速度卷軸60%
黑司令帽
黑神聖之冠
土飛鏢"
6230100,Wild Kargo,魔龍,62,5500,100,30,210,180,0,130,100,20,240,1500,FALSE,"冰獨眼獸洞穴Ⅱ
龍穴
魔龍領土","Knuckler Production Stimulator
單手棍命中卷軸60%
魔龍之眼
手套生命卷軸100%
指虎命中卷軸10%
方天戟
朱紅魔法戰士衣
活力藥水
短杖魔力卷軸60%
紫十字鞋
紅將軍褲
紅將軍鎧甲
紅朱雀之甲
紅朱雀之褲
紅聖黨之服
紅羽絲絨帽
紅色魔法披風
耳環幸運卷軸10%
藍神眼手套
藍飛魂鞋
褐天上之衣
諾曼頭盔
赤旋風甲
赤神功手套
赤紅戰神拳套
超級藥水
黑色威斯克手套
製作長杖的催化劑
青陽
青陽褲
黃金母礦
黃金錘
黑戰鬥手套
黑水晶母礦
土飛鏢
黑黃金法冠"
6230200,Dark Pepe,黑企鵝王,64,7800,80,60,177,220,0,240,210,31,250,1500,FALSE,尖銳的絕壁Ⅱ,"Helmet Production Stimulator
Two Handed Sword Forging Stimulator
上衣力量卷軸10%
古老朱礦盾
幸運母礦
製作弩的催化劑
舊青銅諾曼頭盔
活力藥水
灰飛影之服
灰飛影之褲
特殊藥水
白神聖服
石榴石母礦
紫飛魂鞋
紫龍皮鞋
藍天上之衣
藍寶手甲
藍箭魂鞋
褲裙生命卷軸100%
赤紅戰神拳套
金蛇劍
銀的母礦
魔法石
黃弓羽
黃金封印手套
黑企鵝王的嘴
黑封印手套
黑戰神拳套
黑暗母礦
黑色魔法披風
黑黃金法冠"
6230300,Lazy Buffy, 小丑瑞奇,66,9400,80,-30,190,180,210,254,140,26,260,1500,FALSE,扭曲的時間之路<1>,"Shield Production Stimulator
Helmet Production Stimulator
Overall Production Stimulator
塞爾拉利刃拳套
幸運母礦
指虎攻擊卷軸60%
特殊藥水
白妖精禮服
白色藥水
銀名譽手套
紫弓手鞋
紅和平之帽
紅水晶涼鞋
耳環敏捷卷軸10%
耳環智力卷軸60%
藍戰鬥手套
藍草露
藍飄雲之衣
褲裙生命卷軸10%
銀製耳環
銀龍槍
藍月手套
製作鞋子的催化劑
魔法石
黃金母礦
黃飛影之服
黃飛影之褲
黑鬥士披風
黑暗母礦
黑板金鎧甲
黑水晶母礦
黑飛影之褲"
6230400,Soul Teddy, 幽魂發條熊,63,7600,100,-40,190,190,220,215,140,25,245,1500,FALSE,遺忘的時間之路<1>,"Topwear Production Stimulator
上衣生命卷軸10%
幽魂玩偶
Scroll for Overall Armor for STR 100%
力量母礦
巨型錘
製作弩的催化劑
手套攻擊卷軸60%
朱紅妖精禮服
梅花耳環
火焰之杖
特殊藥水
白色藥水
白色魔法披風
盾牌幸運卷軸60%
矛命中卷軸10%
火槍攻擊卷軸10%
祖母綠母礦
紫暴風甲
紫暴風褲
紅十字鞋
藍司令帽
藍寶戰神拳套
藍戰魂手套
藍貴族禮服
速度藥水
深淵射手
鋼鐵封印手套
鋼鐵柔絲手套
鋰礦十字軍帽
長杖魔力卷軸10%
青銅母礦
黃金耳環
黃陽
黃陽褲
黃黑太陽帽
黑神功手套"
6230500,Master Soul Teddy, 幽魂發條熊隊長,67,11000,100,-40,210,210,220,250,140,27,265,1500,FALSE,遺忘的時間之路<1>,"Topwear Production Stimulator
Two Handed Mace Forging Stimulator
動物皮
將軍青頭盔
披風幸運卷軸60%
特殊藥水
白色藥水
短劍攻擊卷軸60%
紫龍皮鞋
紅意志手套
紅鋼玉褲
紅鋼玉鎧甲
黑色海盜頭巾
綠和平之帽
綠弓手鞋
綠箭魂鞋
自由之靈
褲裙生命卷軸100%
褐水晶涼鞋
金剛刃
青銅暗影手套
製作鞋子的催化劑
魔法石
黃晶母礦
黃金母礦
黑神聖服
黑弓羽
黑忍者頭巾
黑暗母礦
黑魔法戰士衣"
6230600,Ice Drake,冰龍,64,7700,130,0,210,200,230,230,150,25,250,1500,FALSE,"龍族之地
冰冷的搖籃
龍族之巢","Glaze Capsule
製作雙手斧的催化劑
雙手斧命中卷軸60%
寒冰背部骨
製作拳套的催化劑
活力藥水
特殊藥水
白聖黨之服
盾牌生命卷軸10%
矛命中卷軸10%
紅水晶涼鞋
紅鋼玉褲
紅鋼玉鎧甲
紅鎮月裙
綠鋼玉裙
綠鋼玉鎧甲
耳環敏捷卷軸60%
耳環生命卷軸10%
藍寶戰神拳套
藍寶石母礦
褐戰魂手套
赤陽
赤陽褲
鑽石母礦
銀的母礦
製作長杖的催化劑
青銅名譽手套
紫色亞麻水手頭巾
魔法石
黃草露
黃金弩
黃金母礦
黃鎮月鎧甲
龍皮"
6230601,Dark Drake,黑龍,68,13000,140,0,220,205,250,250,170,27,265,2000,FALSE,"冰冷的搖籃
龍族之巢","Two Handed Mace Forging Stimulator
Bottomwear Production Stimulator
上衣防禦卷軸60%
紅色威斯克套裝
天使之翼
頭盔智力卷軸100%
頭盔防禦卷軸60%
披風防禦力卷軸60%
披風防禦力卷軸60%
製作拳套的催化劑
方天戟
朱礦石母礦
白色藥水
紫礦石母礦
紅和平之帽
紅天使手套
綠飛影鞋
藍暴風甲
藍暴風褲
藍朱雀之甲
藍朱雀之褲
藍黑太陽帽
褲裙敏捷卷軸60%
鑽石母礦
銀龍槍
雷電斧
青銅忍者頭巾
黃金古代盾牌
黑水晶母礦
黑龍之角
龍皮"
6230602,Officer Skeleton,骷髏士官,63,7200,100,-45,170,190,200,230,150,25,240,800,FALSE,"遺跡之墓Ⅳ
遺跡之峭壁
第1軍營
第2軍營
第3軍營","Knuckler Production Stimulator
上衣力量卷軸100%
上衣幸運卷軸100%
古老朱礦盾
奇型刀
將軍青頭盔
製作弓的催化劑
拜爾毀滅拳套
製作手套的催化劑
手套攻擊卷軸60%
特殊藥水
白弓羽
白色藥水
銀名譽手套
盾牌生命卷軸10%
製作短杖的催化劑
祖母綠母礦
紅意志手套
耳環生命卷軸10%
藍元素手套
藍神眼手套
褐戰魂手套
赤紅戰神拳套
速度藥水
金蛇劍
強力子彈
銀忍者頭巾
鋰礦合金手套
長杖魔力卷軸10%
藍月手套
青銅暗影手套
青銅母礦
骨盆
黑和平之帽"
6300000,Yeti,雪吉拉,65,11000,80,-50,182,170,270,245,110,24,255,2000,FALSE,"冰雪峽谷Ⅰ
雪人之谷
冰雪峽谷Ⅱ","力量母礦
動物皮
十字槍
舊諾曼頭盔
柔軟的羽毛
水仙耳環
活力藥水
雪吉拉之角
紫礦暴風甲
紫礦暴風褲
紅鬥士披風
黃閃電甲
藍寶戰神拳套
藍水晶涼鞋
藍飄雲之衣
鑽石母礦
藍月耳環
青銅母礦
魔靈之翼
黃金弩
黃金神眼手套
黃金耳環
黃飛影之服
黃飛影之褲
黑將軍鎧甲
黑聖黨之服"
6300005,Zombie Mushmom,殭屍蘑菇王,65,786000,220,5,250,350,380,400,155,30,1500,1500,TRUE,蘑菇王之墓,"上衣生命卷軸10%
Scroll for One-Handed Sword for Accuracy 10%
單手劍攻擊卷軸60%
單手斧攻擊卷軸60%
單手棍攻擊卷軸60%
雙手劍攻擊卷軸60%
雙手斧攻擊卷軸60%
Scroll for Two-Handed BW for ATT 60%
古老銀盾
弓攻擊卷軸60%
弩攻擊卷軸60%
拳套攻擊卷軸60%
指虎攻擊卷軸60%
槍攻擊卷軸60%
梅花耳環
矛攻擊卷軸60%
短劍攻擊卷軸60%
短杖魔力卷軸60%
火槍攻擊卷軸60%
Scroll for Belt for DEX 60%
Scroll for Belt for INT 60%
Gold mesos bag
Silver mesos bag
長杖魔力卷軸60%
青銅帽
椎茸
黑鬥士披風
日之鏢"
6300100,Buffoon, 貝爾芬,74,16000,120,-40,290,340,320,330,165,27,340,1500,FALSE,"扭曲的時間之路<2>
扭曲的時間之路<3>","One Handed Mace Forging Stimulator
One Handed Axe Forging Stimulator
Shield Production Stimulator
Overall Production Stimulator
上衣生命卷軸60%
手套生命卷軸10%
披風幸運卷軸60%
貝爾芬掛鐘
智慧母礦
橘色藥水
特殊藥水
白飛影之服
白飛影之褲
祖母綠母礦
紫暴風甲
紫暴風褲
紅天使手套
紅水晶涼鞋
綠閃電甲
綠飛影鞋
藍天使鞋
藍玄武之甲
藍玄武之褲
藍白銀鎧甲
藍鋼玉裙
藍鋼玉鎧甲
因弗蒂之槍
青神弓
魔力藍手套
黃金名譽手套
黃金母礦
黃龍刀
黑暗母礦
黑神眼手套
黑飄雲之衣"
6400000,Dark Yeti,黑吉拉,68,13000,100,-30,210,190,290,270,130,26,265,2000,FALSE,"尖銳的絕壁Ⅰ
尖銳的絕壁Ⅱ
危險的絕壁","九龍刀
動物皮
披風幸運卷軸60%
智慧母礦
特殊藥水
白和平之帽
白色藥水
祖母綠母礦
堅硬的羽毛
紫黃金風
紅聖黨之服
綠十字帽
藍意志手套
藍暴風甲
藍暴風褲
藍鋼玉褲
藍鋼玉鎧甲
赤旋風甲
赤紅手甲
赤龍頭盔
銀製戰盔
銀製耳環
黃金名譽手套
黃金母礦
黑暗母礦
黑吉拉之角
黑飛影之服
黑飛影之褲"
6400100,Deep Buffoon, 特貝爾芬,77,19000,140,-40,310,400,340,410,170,28,385,2000,FALSE,扭曲的時間之路<2>,"One Handed Sword Forging Stimulator
Scroll for Overall Armor for STR 10%
單手斧命中卷軸10%
雙手劍攻擊卷軸60%
命中藥丸
製作弩的催化劑
製作手套的催化劑
披風力量卷軸60%
特貝爾芬石塊
特殊藥水
白神聖服
白色藥水
祖母綠母礦
紅十字鞋
紅暴風甲
紅暴風褲
紅神聖之冠
紅飛影鞋
綠宮衣
Scroll for Earring for LUK 60%
藍天空之帽
藍玄武之甲
藍玄武之褲
藍飄雲之衣
褐戰魂手套
紅色時髦耳環
雷電斧
藍色伯爵手套
馬爾斯紅拳套
黃弓羽
黃金古代盾牌
黃金母礦
黑司令帽
黑暗母礦
黑神仙之服
黑閃電甲"
7090000,Security Camera,自動警備系統,75,889500,500,-30,300,550,380,290,130,999,350,1500,TRUE,閒人勿入,"鳳凰刃
Scroll for One-Handed Sword for Accuracy 10%
雙手斧攻擊卷軸60%
黑色綢緞帽
天使之翼
頭盔智力卷軸60%
頭盔防禦卷軸10%
拜爾毀滅拳套
手套生命卷軸10%
披風敏捷卷軸10%
披風魔力卷軸60%
暴風錘
槍攻擊卷軸10%
火焰刀
矛攻擊卷軸10%
短劍攻擊卷軸60%
破天弩弓
黃金斧
紅扣帶帽
耳環智力卷軸10%
Scroll for Face Accessory for DEX 60%
Scroll for Face Accessory for LUK 60%
深淵射手
Gold mesos bag
Silver mesos bag
Bronze mesos bag
黑色昂斯頭盔
黑色崇高服
黑色格萊西頭盔
黑貴族鎧甲
黑閃電甲"
7110300,D. Roy,D．洛伊,75,16000,150,-30,330,800,380,290,160,25,350,1500,FALSE,研究所C-3區,"Helmet Production Stimulator
鳳凰刃
力量母礦
頭盔智力卷軸10%
製作拳套的催化劑
拳套攻擊卷軸60%
朱礦石母礦
活力藥水
灰飛影之服
灰飛影之褲
白神聖服
製作矛的催化劑
短杖魔力卷軸60%
粉紅朱雀之甲
粉紅朱雀之褲
紫十字帽
紫水晶母礦
紅宮衣
綠司令帽
綠隱者之服
綠隱者之裙
耳環智力卷軸10%
Scroll for Earring for LUK 100%
藍龍頭盔
褐天上之衣
鋼鐵古代盾牌
黑色威斯克手套
高等子彈
霸王劍
青銅暴風甲
青銅暴風褲
魔法石
黃金暴風錘
黑戰魂手套
黑神聖之冠
黑閃電甲"
7130000,Lucida,黑格里芬,73,15500,240,5,280,300,315,320,160,28,320,1200,FALSE,"天空階梯 II
黑光庭園Ⅰ
黑光庭園 II","黑色雲霧製作法
上衣力量卷軸10%
上衣幸運卷軸10%
藍色伯爵靴
召喚石
將軍的紅頭盔
幸運母礦
弩攻擊卷軸60%
製作長槍的催化劑
活力藥水
特殊藥水
製作短杖的催化劑
火槍攻擊卷軸60%
紅天上之衣
紅色水晶靴
紅無痕之鞋
綠密林之鞋
綠隱者之服
綠隱者之褲
綠飄雲之衣
藍十字鞋
藍神聖服
藍神聖之冠
藍聖黨之服
藍花精鞋
藍飄雲之衣
藍色飛翔帽
褐玄武之甲
褐玄武之褲
銀忍者頭巾
銀的母礦
製作長杖的催化劑
霸王劍
青銅戰盔
黃晶母礦
黑格里芬之尾"
7130001,Cerebes, 地獄獵犬,72,15200,120,-20,272,320,315,265,175,30,295,1500,FALSE,"試煉的洞穴1
試煉的洞穴2
試煉的洞穴3","One Handed Axe Forging Stimulator
One Handed Sword Forging Stimulator
Overall Production Stimulator
紫凌劍
鳳凰短杖
雙翼刃
天使之翼
披風幸運卷軸100%
槍攻擊卷軸60%
梅花耳環
活力藥水
特殊藥水
猛禽斧
粉紅朱雀之甲
粉紅朱雀之褲
綠花精鞋
褲裙跳躍卷軸60%
褐天上之衣
褐天上之衣
赤飛影之服
赤飛影之褲
深淵射手
金屬心型耳環
鑽石母礦
銀的母礦
鋰礦戰盔
黃箭魂鞋
黑和平之帽
黑天上之衣
黑暗影手套
黑神眼手套"
7130002,Beetle,橡木甲蟲,72,15200,120,-20,272,335,310,265,175,30,295,2000,FALSE,"戰火森林
神木村東邊森林","Two Handed Sword Forging Stimulator
Bottomwear Production Stimulator
藍色船型帽
雙手劍命中卷軸10%
古老朱礦盾
製作手套的催化劑
手套敏捷卷軸60%
智慧母礦
橡木甲蟲角
活力藥水
火焰刀
特殊藥水
盾牌防禦卷軸10%
紫水晶母礦
紅天空之帽
綠飛翼鞋
褲裙敏捷卷軸60%
金剛刃
高等子彈
鋰礦戰盔
鋰礦暴風褲
青銅母礦
魔法石
魔靈之翼
黑戰魂手套"
7130003,Dual Beetle,金屬甲蟲,76,18000,200,-20,300,400,350,400,140,27,370,2000,FALSE,"米納爾森林東邊境界
戰火森林","Shield Production Stimulator
上衣幸運卷軸100%
藍色船型帽
雙手斧攻擊卷軸60%
天使之翼
幸運母礦
製作弓的催化劑
製作弩的催化劑
披風防禦力卷軸10%
朱礦石母礦
活力藥水
特殊藥水
銀名譽手套
製作短杖的催化劑
祖母綠母礦
藍神聖之冠
褐飄雲之衣
金屬甲蟲角
雷之鏢
銀古代盾牌
銀龍槍
雷電斧
製作鞋子的催化劑
魔法石
黑飛魂鞋"
7130004,Hankie,變種侏儒怪,78,20000,100,-10,330,600,365,450,145,30,400,2000,FALSE,"怪脾氣森林
尖峭的山丘","藍色伯爵靴
變種侏儒怪的排笛
召喚石
披風生命卷軸10%
活力藥水
特殊藥水
白妖精披風
矛攻擊卷軸60%
紫龍皮鞋
蛋白石母礦
紅色時髦耳環
赤龍頭盔
釘頭錘
高等子彈
銀的母礦
霸王劍
青神弓
黃金神眼手套
黑暗母礦
黑神仙之服"
7130010,Death Teddy, 怨靈發條熊,85,32000,180,-30,375,700,430,465,160,27,1300,3500,FALSE,遺忘的時間之路<3>,"One Handed Sword Forging Stimulator
One Handed Mace Forging Stimulator
萬能療傷藥
上衣力量卷軸60%
鳳凰短杖
製作雙手斧的催化劑
召喚石
命中藥水
大力神之斧
頭盔智力卷軸60%
小妖精刀
綠色米斯特手套
德古拉藍手套
披風智力卷軸60%
敏捷母礦
黑色艾倫鞋
活力藥水
白色藥水
盾牌生命卷軸10%
盾牌幸運卷軸100%
矛命中卷軸60%
紅色昂斯
紅白銀鎧甲
綠色海盜帽
綠飛翼鞋
藍寶石母礦
藍朱雀之甲
藍朱雀之褲
藍神仙之服
藍飛魂鞋
封印發條熊
褲、裙防禦卷軸60%
青神弓
藍色伯爵手套
魔力青手套
黃昏之露
黃白銀鎧甲
黃色雨傘
黃鱗甲靴
黑妖精披風
黑水晶母礦
黑飄雲之衣"
7130020,Goby,刺鰭魚,85,17000,150,,370,645,0,430,160,29,1400,500,FALSE,"受難船的墓地
深海峽谷 1
深海峽谷 2","Overall Production Stimulator
萬能療傷藥
上衣生命卷軸60%
藍色伯爵靴
召喚石
幸運母礦
製作弓的催化劑
製作弩的催化劑
強效魔力水
拳套攻擊卷軸60%
活力藥水
白色藥水
黃司令帽
製作短杖的催化劑
火槍攻擊卷軸60%
氣泡
紫扣帶靴
紫龍紋披風
紅白銀鎧甲
紅色海盜帽
耳環生命卷軸100%
藍扣帶帽
藍朱雀之甲
藍朱雀之褲
青綢緞長袍
藍箭魂鞋
鋼鐵母礦
雷神之錘
鞋子敏捷卷軸60%
黃昏之露
黑無痕之鞋
黑水晶母礦
黑龍紋披風"
7130100,Tauromacis,月牙牛魔王,70,15000,200,30,270,250,320,250,120,15,270,1000,FALSE,"寺院通道Ⅰ
寺院通道Ⅱ
寺院通道Ⅲ
寺院通道Ⅳ","Bottomwear Production Stimulator
單手斧攻擊卷軸60%
德古拉藍手套
暴風錘
月牙牛魔王的角
製作長槍的催化劑
活力藥水
特殊藥水
黃司令帽
製作短劍的催化劑
紫天空之帽
黃閃電甲
紅龍皮鞋
黑色海盜頭巾
綠飄雲之衣
綠飛翼鞋
藍十字帽
藍天上之衣
藍妖精披風
藍鋼玉裙
藍鋼玉鎧甲
赤神弓
雷之鏢
鋰礦戰盔
馬爾斯綠拳套
魔法石
黃神弓
黃金母礦
黑天上之衣
黑飛影之服
黑飛影之褲"
7130101,Taurospear,長槍牛魔王,75,18000,220,35,300,550,390,400,130,30,350,1500,FALSE,"寺院通道Ⅲ
寺院通道Ⅳ","無法閱讀的書
雙手斧命中卷軸10%
雙手斧攻擊卷軸60%
召喚石
封魂之錘
拜爾毀滅拳套
朱礦石母礦
製作長槍的催化劑
死靈法杖
白天空之帽
製作短劍的催化劑
紅妖精披風
紅朱雀之甲
紅朱雀之褲
綠宮衣
綠神仙之服
綠鋼玉裙
綠鋼玉鎧甲
藍色水晶靴
褐色海盜帽
褐飄雲之衣
超級藥水
銀古代盾牌
鋰礦暗影手套
長槍牛魔王之角
雷電斧
黃神弓
黑戰魂手套
黑水晶母礦
黑聖黨之服
黑箭魂鞋"
7130103,Commander Skeleton,骷髏指揮官,73,15300,200,-20,275,330,300,300,190,32,315,1500,FALSE,"遺跡之墓Ⅳ
遺跡之峭壁","One Handed Mace Forging Stimulator
上衣力量卷軸60%
套服幸運卷軸60%
召喚石
強效魔力水
攻擊藥水
活力藥水
海藍石母礦
特殊藥水
紫水晶母礦
紅色水晶靴
紅鋼玉裙
紅鋼玉鎧甲
綠密林之鞋
綠飛影鞋
耳環智力卷軸60%
藍鋼玉褲
藍鋼玉鎧甲
藍飄雲之衣
藍飛翼鞋
褐天上之衣
褐飄雲之衣
赤飛影之褲
鑽石母礦
青銅尖刺護盾
藍色伯爵手套
製作鞋子的催化劑
馬頭骨"
7130104,Captain,大副凱丁,70,15000,100,0,210,250,320,260,165,26,282,1500,FALSE,"金勾海賊團基地1
金勾海賊團基地2
金勾海賊團基地3","Gun Production Stimulator
Bottomwear Production Stimulator
上衣幸運卷軸10%
鳳凰刃
力量母礦
召喚石
頭盔防禦卷軸10%
封魂之錘
手套生命卷軸60%
製作手套的催化劑
活力藥水
特殊藥水
白鬥士披風
白色藥水
石榴石母礦
紅龍皮鞋
船長的帽子
藍天使手套
藍閃電甲
褐天上之衣
鋼鐵母礦
黑色威斯克手套
鋰礦戰盔
鞋子跳躍卷軸10%
黃金耳環"
7130200,Werewolf,狼人,75,16000,150,-10,330,800,380,290,160,25,350,1500,FALSE,"尖銳的絕壁3
尖銳的絕壁4","鳳凰刃
力量母礦
製作雙手斧的催化劑
頭盔敏捷卷軸10%
黑色航海靴
拳套攻擊卷軸60%
朱礦石母礦
活力藥水
灰飛影之服
灰飛影之褲
白神聖服
製作矛的催化劑
製作短劍的催化劑
短杖魔力卷軸60%
粉紅朱雀之甲
粉紅朱雀之褲
紫十字帽
紫水晶母礦
紅宮衣
綠司令帽
綠隱者之服
綠隱者之裙
耳環智力卷軸10%
藍龍頭盔
褐天上之衣
鋼鐵古代盾牌
霸王劍
青銅暴風甲
青銅暴風褲
魔法石
黃金暴風錘
黑戰魂手套
黑神聖之冠
黑閃電甲"
7130300,Master Death Teddy, 怨靈發條熊隊長,89,40000,190,-30,400,750,450,480,180,28,1720,4000,FALSE,毀壞的時間,"Shield Production Stimulator
Topwear Production Stimulator
Overall Production Stimulator
藍色伯爵靴
單手斧命中卷軸100%
召喚石
紅色昂斯鞋
頭盔敏捷卷軸10%
紫色米斯特手套
手套生命卷軸100%
製作手套的催化劑
披風魔力卷軸100%
攻擊藥水
束縛枷鎖
藍色艾倫鞋
槍攻擊卷軸60%
湯勺
特殊藥水
白天空之帽
紫飛魂鞋
紅色虎雲裙
紅色飛翔帽
綠宮衣
綠白銀鎧甲
藍天使手套
藍神聖之冠
超級藥水
黑色水晶靴
黃晶母礦
黃金母礦
黑十字帽
黑神仙之服
黑箭魂鞋
黑貴族鎧甲
黑隱者之服
黑隱者之裙"
7130400,Yellow King Goblin,黃色鬼怪,70,25000,200,-25,285,280,335,280,120,15,400,1000,TRUE,深山凶宅,"Two Handed Sword Forging Stimulator
One Handed Sword Forging Stimulator
套服防禦卷軸60%
召喚石
幸運母礦
強效魔力水
黑色航海靴
製作拳套的催化劑
朱旋風甲
活力藥水
灰飛影之服
灰飛影之褲
特殊藥水
破天弩弓
紫水晶母礦
耳環智力卷軸10%
藍寶戰神拳套
藍鬥士披風
鋼鐵母礦
銀古代盾牌
青銅暴風甲
青銅暴風褲"
7130401,Blue King Goblin,藍色鬼怪,70,25000,200,-25,285,280,335,280,120,15,400,1000,TRUE,深山凶宅,"Topwear Production Stimulator
雙手劍命中卷軸60%
製作雙手斧的催化劑
召喚石
妖精之錘
拜爾毀滅拳套
製作拳套的催化劑
敏捷母礦
方天戟
月牙鏢
活力藥水
特殊藥水
石榴石母礦
紅水晶涼鞋
紅龍皮鞋
藍玄武之甲
藍玄武之褲
褲、裙防禦卷軸60%
褲裙生命卷軸100%
紅色時髦耳環
赤草露
速度藥水
銀的母礦
雷電斧
青神弓
鞋子敏捷卷軸60%"
7130402,Green King Goblin,綠色鬼怪,70,25000,200,-25,285,280,335,280,120,15,400,1000,TRUE,深山凶宅,"Helmet Production Stimulator
Gun Production Stimulator
Topwear Production Stimulator
Scroll for Overall Armor for STR 10%
單手劍攻擊卷軸60%
單手斧命中卷軸60%
頭盔智力卷軸100%
披風生命卷軸60%
攻擊藥丸
智慧母礦
月牙鏢
水仙耳環
活力藥水
特殊藥水
紫飛魂鞋
紅鋼玉裙
紅鋼玉鎧甲
黑色海盜頭巾
藍朱雀之甲
藍朱雀之褲
赤神功手套
紅色時髦耳環
高等子彈
霸王劍
魔法石
黃晶母礦
黃金母礦
黃金錘"
7130500,Rash,萊西,70,14500,150,-20,245,235,0,245,130,25,270,1450,FALSE,"神木村西邊森林
米納爾森林西邊境界
毛毛森林","紅色威斯克套裝
鳳凰刃
力量母礦
製作雙手棍的催化劑
召喚石
頭盔防禦卷軸10%
封魂之錘
手套生命卷軸60%
製作拳套的催化劑
樹果實
活力藥水
特殊藥水
白鬥士披風
石榴石母礦
紅龍皮鞋
Scroll for Earring for HP 60%
萊西毛球
藍天使手套
藍閃電甲
褲裙敏捷卷軸100%
褐守護之褲
鋼鐵母礦
鋰礦戰盔
製作長杖的催化劑
鞋子跳躍卷軸10%
麻醉粉
黃金耳環"
7130501,Dark Rash,黑暗萊西,74,15500,150,-20,295,285,0,295,160,27,340,1550,FALSE,"神木村西邊森林
米納爾森林西邊境界
毛毛森林","Bottomwear Production Stimulator
紅色威斯克套裝
Scroll for Overall Armor for LUK 100%
套服防禦卷軸10%
單手劍攻擊卷軸10%
召喚石
製作弓的催化劑
敏捷母礦
製作長槍的催化劑
湯勺
活力藥水
海藍石母礦
特殊藥水
製作短杖的催化劑
紫密林之鞋
紅朱雀之甲
紅朱雀之褲
紅色飛翔帽
綠閃電甲
Scroll for Earring for LUK 60%
藍妖精披風
褲裙敏捷卷軸60%
詛咒粉
雷之鏢
銀古代盾牌
鋰礦石母礦
黑暗影手套
黑暗萊西毛球"
7130600,Hobi,侏儒怪,72,15000,150,-30,270,330,310,260,160,25,295,2000,FALSE,"米納爾森林西邊境界
怪脾氣森林","Two Handed Sword Forging Stimulator
侏儒怪的褲子
套服智力卷軸100%
Scroll for Two-Handed Sword for Accuracy 100%
雙手斧攻擊卷軸60%
召喚石
德古拉紫手套
披風生命卷軸10%
敏捷母礦
活力藥水
特殊藥水
黃司令帽
藍色水晶靴
藍飄雲之衣
赤神弓
金剛刃
鋼鐵母礦
青銅母礦
製作鞋子的催化劑"
7130601,Green Hobi,邪惡侏儒怪,76,18000,200,-30,300,400,350,350,170,28,370,2000,FALSE,"米納爾森林西邊境界
尖峭的山丘","One Handed Axe Forging Stimulator
Shield Production Stimulator
Knuckler Production Stimulator
幸運母礦
紅色亞達夫手套
弩攻擊卷軸10%
指虎攻擊卷軸100%
暴風錘
活力藥水
特殊藥水
盾牌生命卷軸60%
短杖魔力卷軸60%
破天弩弓
紫水晶母礦
紅神聖之冠
藍玄武之甲
藍玄武之褲
邪惡侏儒怪的符咒
鑽石母礦
製作長杖的催化劑
白色潘尼爾套裝
魔法石
黑色水晶靴"
7140000,Ghost Pirate, 百烈,83,30000,160,-30,365,710,400,460,150,27,1100,3200,FALSE,扭曲的時間之路<3>,"Two Handed Sword Forging Stimulator
Bottomwear Production Stimulator
來歷不明的信
套服敏捷卷軸10%
藍色船型帽
單手劍命中卷軸100%
奧丁手戟
披風防禦力卷軸60%
智慧母礦
綠色艾倫鞋
活力藥水
海藍石母礦
炎帝弩弓
黃司令帽
盾牌幸運卷軸60%
紫十字帽
綠隱者之服
綠隱者之褲
綠色飛翔帽
百烈舵輪
藍扣帶靴
藍色昂斯
藍白銀鎧甲
藍飛翼鞋
綠色費洛奇拳頭
赤龍頭盔
金尖刺護盾
鋰礦石母礦
青銅戰盔
製作鞋子的催化劑
馬爾斯藍拳套
黑玄武之甲
黑玄武之褲"
7160000,Dual Ghost Pirate, 多立百烈,87,35000,200,-30,385,775,425,470,160,28,1500,3700,FALSE,彎曲的時間,"Two Handed Mace Forging Stimulator
One Handed Axe Forging Stimulator
來歷不明的信
力量母礦
召喚石
紅色亞達夫手套
朱礦石母礦
藍色貴族手套
活力藥水
白色藥水
矛攻擊卷軸60%
紫神仙之服
紫鱗甲靴
紅天使手套
紅宮衣
紅宮衣
紅飛影鞋
多立百烈推進器
綠隱者之服
綠隱者之裙
藍十字帽
藍扣帶護甲
藍色勇者褲
褲裙跳躍卷軸10%
金屬心型耳環
雷之鏢
高等子彈
製作長杖的催化劑
因弗蒂之槍
青銅暗影手套
馬爾斯紅拳套
魔力綠手套
黃白銀鎧甲
黃神弓
黑天上之衣
黑水晶母礦
黑玄武之甲
黑玄武之褲
黑色海盜帽"
7220000,Tae Roon,肯德熊,71,914000,200,-30,285,335,310,265,175,30,1580,1500,TRUE,流浪熊的領土,"套服智力卷軸10%
Scroll for One-Handed Sword for Accuracy 10%
單手斧攻擊卷軸60%
Scroll for Two-Handed Sword for Accuracy 10%
雙手斧攻擊卷軸60%
頭盔生命卷軸10%
頭盔智力卷軸60%
封魂之錘
弓攻擊卷軸60%
弩攻擊卷軸60%
拜爾毀滅拳套
手套生命卷軸10%
手套攻擊卷軸10%
披風幸運卷軸60%
披風防禦力卷軸60%
披風魔力卷軸60%
指虎攻擊卷軸60%
槍命中卷軸60%
死靈法杖
盾牌防禦卷軸60%
Scroll for Pole Arm for Accuracy 60%
短劍攻擊卷軸60%
破天弩弓
Scroll for Face Accessory for STR 60%
Scroll for Face Accessory for INT 60%
深淵射手
Silver mesos bag
銀龍槍
長杖魔力卷軸60%
雷電斧
霸王劍
鞋子跳躍卷軸10%
黃神弓
黃龍刀
土飛鏢
黑閃電甲"
7220002,King Sage Cat,喵怪仙人,77,1009000,520,-30,320,520,350,410,160,27,2280,2500,TRUE,"妖怪之林
妖怪之林2","Pill of Intelligence
上衣防禦卷軸10%
套服智力卷軸10%
套服防禦卷軸60%
鳳凰短杖
單手斧攻擊卷軸60%
雙手劍攻擊卷軸60%
大力神之斧
頭盔生命卷軸60%
奧丁手戟
弩攻擊卷軸60%
手套敏捷卷軸60%
披風防禦力卷軸10%
披風魔力卷軸60%
月神刀
槍攻擊卷軸10%
湯勺
黑色艾倫弓
Scroll for Pole Arm for Accuracy 10%
火槍攻擊卷軸10%
紗羅毀滅拳套
花靈之斧
褲、裙防禦卷軸60%
褲裙跳躍卷軸10%
Gold mesos bag
釘頭錘
因弗蒂之槍
雷神之錘
青雲劍
Bronze mesos bag
鞋子敏捷卷軸10%
鞋子敏捷卷軸60%
鞋子速度卷軸60%
魔靈之魂
黑暗弩弓
黑精靈拳刃
龍之拳"
8090000,Deet and Roi,迪特和洛依,80,994000,300,-50,350,650,410,450,140,999,850,2800,TRUE,研究所202號房,"上衣防禦卷軸60%
套服敏捷卷軸60%
套服防禦卷軸60%
白色馬其尼套裝
手套敏捷卷軸60%
披風防禦力卷軸60%
暴風錘
紅色馬蒂爾手套
破天弩弓
黃金斧
耳環敏捷卷軸60%
Scroll for Belt for STR 10%
Scroll for Belt for DEX 10%
Scroll for Belt for INT 10%
Scroll for Belt for LUK 10%
紅色勇者頭巾
褲、裙防禦卷軸60%
赤神弓
Gold mesos bag
Silver mesos bag
雷電斧
Bronze mesos bag
鞋子敏捷卷軸60%
鞋子跳躍卷軸60%
鞋子速度卷軸60%
魔靈之翼"
8110300,Homunscullo,哈摩斯庫拉,80,27000,300,-10,350,650,410,450,140,28,850,2800,FALSE,研究所202號房,"力量母礦
弩攻擊卷軸10%
披風防禦力卷軸10%
白色藥水
火槍攻擊卷軸10%
紫礦石母礦
綠龍紋披風
藍寶石母礦
超級藥水
魔法石"
8140000,Lycanthrope,白狼人,80,27000,300,-30,350,650,410,520,140,28,850,5000,FALSE,"狼的領土1
狼的領土2
狼的領土3","Topwear Production Stimulator
Two Handed Mace Forging Stimulator
Overall Production Stimulator
雙手劍命中卷軸100%
召喚石
手套生命卷軸10%
智慧母礦
朱礦石母礦
柔軟的羽毛
白妖精披風
盾牌力量卷軸10%
盾牌防禦卷軸10%
紗羅毀滅拳套
紫密林之鞋
紫礦暴風甲
紫礦暴風褲
紅天上之衣
紅天空之帽
紅色水晶靴
紅色高麗貴婦袍
綠十字帽
綠綢緞長袍
綠飛影鞋
草莓耳環
藍閃電甲
藍色飛翔帽
紫色費洛奇拳頭
褐扣帶靴
鋼鐵母礦
青雲劍
黃晶母礦
黃龍刀
黑水晶母礦
黑飄雲之衣
日之鏢"
8140001,Harp,哈維,80,27000,300,-10,350,650,410,450,140,28,850,2800,FALSE,"天空之巢Ⅱ
天空之巢Ⅰ
天空之巢路口","One Handed Mace Forging Stimulator
Knuckler Production Stimulator
力量母礦
哈維羽毛
弩攻擊卷軸10%
手套生命卷軸60%
披風防禦力卷軸10%
製作拳套的催化劑
Scroll for Knuckle for Accuracy 100%
Scroll for Spear for Accuracy 100%
活力藥水
白色藥水
黃金斧
紫礦石母礦
紅水晶涼鞋
綠司令帽
綠龍紋披風
耳環敏捷卷軸10%
藍寶石母礦
超級藥水
雷之鏢
因弗蒂之槍
馬爾斯藍拳套
魔法石
黃神弓
黃龍刀
黑玄武之甲
黑玄武之褲"
8140002,Blood Harp,血腥哈維,83,30000,160,-10,365,700,400,465,150,27,1100,3000,FALSE,"天空之巢Ⅱ
天空之巢Ⅰ","One Handed Sword Forging Stimulator
Scroll for One-Handed Sword for Accuracy 100%
召喚石
頭盔智力卷軸10%
小火花羽毛
製作弓的催化劑
製作手套的催化劑
智慧母礦
死靈法杖
活力藥水
白色藥水
短劍攻擊卷軸60%
製作短杖的催化劑
紫神仙之服
紅飛影鞋
耳環敏捷卷軸100%
藍龍頭盔
血腥哈維的王冠
紅色時髦耳環
超級藥水
金天弩弓
雷之鏢
鑽石母礦
高等子彈
鞋子速度卷軸60%
白色潘尼爾套裝
黃金母礦
黑天使手套
黑妖精披風
黑閃電甲"
8140101,Black Kentaurus,暗黑半人馬,88,37000,200,-20,390,800,430,495,170,28,1600,3000,FALSE,"火燄死亡戰場
格瑞芬多森林
暗黑半人馬領土
冰冷死亡戰場","Bottomwear Production Stimulator
Shield Production Stimulator
Two Handed Mace Forging Stimulator
藍色船型帽
半人馬的骨頭
召喚石
幸運母礦
手套生命卷軸10%
赤焰刀
朱礦石母礦
活力藥水
印第安戰斧
白色藥水
盾牌防禦卷軸60%
紫水晶母礦
紅隱者之服
紅隱者之褲
綠色海盜帽
草莓耳環
超級藥水
克利思拳套
青銅圓盾
製作鞋子的催化劑
馬爾斯黑拳套
魔靈之魂
黃金艾倫弓
黑密林之鞋"
8140102,Red Kentaurus,火焰半人馬,88,37000,200,0,390,800,430,495,170,28,1600,3000,FALSE,"火燄半人馬領土
火燄死亡戰場
格瑞芬多森林
冰火戰場","One Handed Sword Forging Stimulator
Blaze Capsule
怒濤之杖
半人馬的火花
白色雷鳥弓
製作弩的催化劑
德古拉藍手套
製作手套的催化劑
手套攻擊卷軸10%
Scroll for Knuckle for Accuracy 60%
神匠之錘
活力藥水
白色藥水
石榴石母礦
綠宮衣
Scroll for Earring for LUK 60%
藍色水晶靴
紅色勇者頭巾
褲裙生命卷軸10%
紅色時髦耳環
超級藥水
鋼鐵母礦
青銅尖刺護盾
丈八蛇矛
青雲劍
鞋子跳躍卷軸10%
魔法石
黑十字帽
黑暗母礦
黑精靈拳刃"
8140103,Blue Kentaurus,寒冰半人馬,88,37000,200,0,390,800,430,495,170,28,1600,3000,FALSE,"冰冷死亡戰場
寒冰半人馬領土
噴火龍棲息地
冰火戰場","Two Handed Sword Forging Stimulator
Gun Production Stimulator
Glaze Capsule
半人馬的淨水
大力神之斧
頭盔生命卷軸60%
佛羅利刃
敏捷母礦
月神刀
火焰艾倫弓
槍命中卷軸10%
活力藥水
白色藥水
短杖魔力卷軸60%
紫水晶母礦
紫龍紋披風
紅隱者之服
紅隱者之裙
綠密林之鞋
綠色飛翔帽
超級藥水
製作長杖的催化劑
因弗蒂之槍
海克力斯之錘
青銅母礦
馬爾斯紅拳套
魔法石
黃金雙刃
雷神大斧"
8140110,Birk,邪惡綿羊,85,32000,150,-30,380,760,0,465,160,27,1420,3200,FALSE,"森林岔道
山羊峽谷1
天空之巢路口","紫凌劍
鬼頭杖
奧丁手戟
德古拉紫手套
拳套攻擊卷軸10%
指虎攻擊卷軸60%
敏捷母礦
活力藥水
黑色艾倫弓
白色藥水
紗羅毀滅拳套
超級藥水
邪惡綿羊嚼過的草
銀圓盾
長杖魔力卷軸10%
赤玉短刀
魔法石
黃金母礦
黑暗弩弓
黑水晶母礦
黑白銀鎧甲
黑色海盜帽
黑飛翼鞋"
8140111,Dual Birk,惡魔綿羊,88,37000,200,-30,395,850,0,480,170,28,1620,3700,FALSE,"森林岔道
山羊峽谷1","Two Handed Mace Forging Stimulator
白色獵鷹弓
鳳凰短杖
Scroll for One-Handed BW for Accuracy10%
雙手劍攻擊卷軸60%
召喚石
幸運母礦
製作弓的催化劑
惡魔綿羊尾巴
阿基里斯斧矛
披風力量卷軸10%
朱礦石母礦
活力藥水
白色藥水
紗羅毀滅拳套
祖母綠母礦
火尖槍
紅飛翼鞋
綠色海盜帽
耳環幸運卷軸10%
草莓耳環
超級藥水
金尖刺護盾
高等子彈
製作鞋子的催化劑
魔力藍手套
黑白銀鎧甲
日之鏢
龍之拳"
8140200,Klock, 冥鐘,70,15000,180,-40,250,250,320,250,130,26,270,1000,FALSE,遺忘的時間之路<2>,"Knuckler Production Stimulator
召喚石
幸運母礦
強效魔力水
拜爾毀滅拳套
製作手套的催化劑
手套敏捷卷軸10%
暴風錘
朱旋風甲
活力藥水
清晨之露
特殊藥水
盾牌幸運卷軸10%
製作短劍的催化劑
紫水晶母礦
紫花精鞋
紅神聖服
耳環敏捷卷軸10%
耳環智力卷軸10%
藍天上之衣
藍神仙之服
藍飄雲之衣
藍飛翼鞋
藍龍皮鞋
褐水晶涼鞋
紅色時髦耳環
鋼鐵母礦
銀製耳環
鋰礦暗影手套
青銅戰鬥手套
青銅戰神拳套
馬爾斯藍拳套
黑弓羽
黑鋼玉褲
黑鋼玉鎧甲"
8140300,Dark Klock, 黑暗冥鐘,76,18000,200,-40,300,380,350,400,140,27,370,1500,FALSE,遺忘的時間之路<2>,"Knuckler Production Stimulator
Bottomwear Production Stimulator
Gun Production Stimulator
套服智力卷軸60%
Scroll for One Handed Axe for Accuracy100%
弩攻擊卷軸10%
邪惡鐘心
死靈法杖
活力藥水
特殊藥水
紫礦石母礦
紫神仙之服
紅暴風甲
紅暴風褲
紅神聖之冠
紅隱者之服
紅隱者之褲
綠司令帽
綠鋼玉褲
綠鋼玉鎧甲
綠閃電甲
綠色飛翔帽
褲裙生命卷軸10%
褲裙敏捷卷軸100%
深淵射手
金水晶涼鞋
雷之鏢
鑽石母礦
魔法石
黃草露
黃金暴風錘
黑司令帽
黑天上之衣
黑暗母礦
黑玄武之甲
黑玄武之褲
黑飛影之服
黑飛影之褲
黑龍頭盔"
8140500,Bain,煉獄獵犬,90,45000,190,-20,425,835,465,505,195,38,1800,5000,FALSE,試煉的洞穴3,"Shield Production Stimulator
Overall Production Stimulator
力量母礦
雙手劍攻擊卷軸60%
製作雙手斧的催化劑
綠色亞達夫手套
披風幸運卷軸60%
紅色艾倫鞋
柔軟的羽毛
活力藥水
煉獄獵犬的項鍊
玫瑰耳環
銀名譽手套
製作短劍的催化劑
紫水晶母礦
紅扣帶靴
紅隱者之服
紅隱者之褲
綠天使手套
花靈之斧
藍扣帶護甲
藍箭魂鞋
藍色勇者褲
超級藥水
鑽石母礦
銀尖刺護盾
馬爾斯黑拳套
白色潘尼爾套裝
魔力綠手套
黑天上之衣
黑宮衣
黑飛影鞋
黑飛魂鞋
黑龍頭盔"
8140600,Bone Fish,骨骸魚,92,48500,190,-30,420,840,460,540,197,38,2000,4200,FALSE,"深海峽谷 1
深海峽谷 2","Knuckler Production Stimulator
上衣防禦卷軸60%
套服敏捷卷軸60%
套服智力卷軸60%
力量母礦
白色馬其尼套裝
黑色昂斯鞋
製作弓的催化劑
製作拳套的催化劑
火焰艾倫弓
活力藥水
Scroll for Shield for STR 100%
製作短杖的催化劑
紫扣帶靴
紫水晶母礦
紅隱者之服
綠色崇高服
綠色強化褲
藍閃電甲
褐扣帶帽
赤紅戰神拳套
超級藥水
金水晶涼鞋
鑽石母礦
馬爾斯黑拳套
馴鹿奶
黃昏之露
黃金弩
黑妖精披風
黑神眼手套"
8140700,Blue Dragon Turtle,藍色雙角龍,90,40000,150,-40,410,820,0,480,195,37,1780,5000,FALSE,"龍森林路口
龍森林Ⅰ","Two Handed Mace Forging Stimulator
Bottomwear Production Stimulator
[Mastery Book] Barrage 20
Scroll for Overall Armor for LUK 100%
力量母礦
綠色昂斯鞋
聖權杖
披風幸運卷軸60%
Scroll for Knuckle for Accuracy 100%
裂開的背殼
黑色貴族手套
槍命中卷軸10%
活力藥水
火槍攻擊卷軸10%
粉色虎雲裙
粉色勇者褲
紫扣帶護甲
紫水晶母礦
紫貴族鎧甲
綠色格萊西頭盔
龍魂石
閃耀的龍鱗
卡帝斯拳套
超級藥水
鑽石母礦
長杖魔力卷軸60%
藍色伯爵手套"
8140701,Red Dragon Turtle,暗黑三角龍,93,49000,160,-40,420,830,0,500,200,37,2100,5000,FALSE,"龍森林路口
龍森林Ⅰ
隱密的龍之墓Ⅰ","One Handed Axe Forging Stimulator
Topwear Production Stimulator
坲羅劍
雙手斧攻擊卷軸60%
紅色綢緞帽
黑色米斯特手套
弩攻擊卷軸60%
智慧母礦
製作長槍的催化劑
活力藥水
紅色馬蒂爾手套
盾牌幸運卷軸10%
紫鱗甲靴
紅綢緞長袍
有毒的背殼
綠色崇高服
綠色強化褲
藍寶石母礦
龍魂石
閃耀的龍鱗
超級藥水
鋼鐵母礦
霸傑之刃
高爆彈
[技能書]海盜魚雷 30"
8140702,Rexton,獨角迅猛龍,95,50000,200,-50,460,840,510,550,200,37,2280,5000,FALSE,龍森林Ⅱ,"Two Handed Sword Forging Stimulator
One Handed Mace Forging Stimulator
Scroll for One-Handed Sword for Accuracy 100%
雙利刃斧
製作拳套的催化劑
拳套攻擊卷軸60%
敏捷母礦
藍色艾倫鞋
活力藥水
綠色凱蘭特手套
金色皮革
祖母綠母礦
粉色勇者褲
紫扣帶護甲
綠綢緞長袍
綠色卡那裝
龍魂石
閃耀的龍鱗
褲、裙防禦卷軸10%
褲裙生命卷軸60%
超級藥水
梅杜斯
調停者
藍色昂斯頭盔
黑水晶母礦
[技能書]瞬‧冰火連擊 20"
8140703,Brexton,進化迅猛龍,97,55000,200,-50,470,850,520,570,200,37,2500,5000,FALSE,龍森林Ⅲ,"奇異卵
飛翔斧
幸運母礦
綠色希亞手套
指虎攻擊卷軸60%
活力藥水
盾牌防禦卷軸60%
紫扣帶帽
紅色高麗貴婦袍
綠色昂斯
綠色涅奧斯盔甲
綠色涅奧斯長褲
龍魂石
閃耀的龍鱗
藍色條紋手套
紅色勇者頭巾
超級藥水
長杖魔力卷軸60%
毀滅之鎚
黑色水晶靴
黃晶母礦
黑水晶母礦
[技能書]無形鏢 20
[技能書]元氣彈 20"
8141000,Spirit Viking, 維京,93,50000,190,-40,430,830,480,530,200,37,2100,5000,FALSE,扭曲的時間之路<4>,"Helmet Production Stimulator
Topwear Production Stimulator
[技能書]忍影瞬殺 20
[技能書]魔龍降臨 20
力量母礦
維京船帆
封魂之錘
製作弩的催化劑
弩攻擊卷軸10%
Scroll for Knuckle for Accuracy10%
指虎攻擊卷軸100%
黑色馬金斯靴
綠色貴族手套
活力藥水
白色藥水
Scroll for Shield for STR 100%
粉色勇者褲
紫扣帶護甲
紅天空之帽
紅隱者之服
紅隱者之裙
綠宮衣
綠神仙之服
耳環敏捷卷軸60%
藍宮衣
藍白銀鎧甲
藍色崇高服
藍色強化褲
褐色海盜帽
褐飄雲之衣
釘頭錘
鋼鐵母礦
馬爾斯綠拳套
黑水晶母礦
黑白銀鎧甲
黑神仙之服
黑神聖之冠
黑色飛翔帽
日之鏢"
8141100,Gigantic Spirit Viking, 巨人維京,98,58000,220,-50,460,845,520,580,205,38,2600,5300,FALSE,糾結的時間,"巨人維京帽
活力藥水
超級藥水
黑暗母礦
黑水晶母礦"
8141300,Squid,烏賊怪,94,52000,190,-70,430,830,485,525,200,37,2200,4200,FALSE,"危險海峽1
危險海峽2","[技能書]魔龍降臨 30
吸血鬼之爪
套服智力卷軸100%
製作雙手斧的催化劑
紅色綢緞帽
綠色艾倫鞋
藍色巴爾鞋
製作長槍的催化劑
白色藥水
製作短劍的催化劑
紅飛翼鞋
綠十字帽
綠妖精披風
綠色虎雲裙
綠貴族鎧甲
藍色昂斯
藍色高麗貴婦袍
Scroll for Bottomwear for DEX 10%
褲、裙防禦卷軸60%
褲裙跳躍卷軸60%
超級藥水
速度藥水
銀圓盾
銀龍槍
鞋子敏捷卷軸60%
馴鹿奶
魔法石
黃昏之露
黃晶母礦
黃神弓
黃金母礦
黃金耳環
黃龍刀
黑暗母礦"
8142000,Phantom Watch, 幽魂女巫,95,53000,200,-30,450,835,500,530,200,37,2300,5000,FALSE,遺忘的時間之路<4>,"Helmet Production Stimulator
One Handed Axe Forging Stimulator
黑色書本
上衣幸運卷軸10%
雙手劍攻擊卷軸60%
披風幸運卷軸60%
火焰艾倫弓
紅色貴族手套
白色藥水
製作矛的催化劑
祖母綠母礦
紅白銀鎧甲
紅綢緞長袍
綠神仙之服
綠色崇高服
綠色強化褲
藍宮衣
藍宮衣
藍龍頭盔
封印甕
超級藥水
速度藥水
銀龍槍
馬爾斯紅拳套
魔法石
調停者
黑色水晶靴
黃昏之露
黃金神眼手套
黑天使手套
黑暗母礦
黑色昂斯
黑精靈拳刃
黑隱者之服
黑隱者之褲"
8142100,Risell Squid,致命烏賊怪,97,55000,210,-70,445,830,500,550,203,37,2500,4300,FALSE,"危險海峽1
危險海峽2","Helmet Production Stimulator
Shield Production Stimulator
[技能書]忍影瞬殺 20
[技能書]閃電連擊 20
Scroll for One-Handed Sword for Accuracy10%
大力神之斧
封魂之錘
製作手套的催化劑
手套攻擊卷軸60%
手套敏捷卷軸60%
智慧母礦
活力藥水
玫瑰耳環
製作矛的催化劑
紫扣帶帽
紫鱗甲靴
紅扣帶護甲
紅色勇者褲
綠色昂斯
綠色高麗貴婦袍
耳環敏捷卷軸10%
蛋白石母礦
超級藥水
金圓盾
金尖刺護盾
青銅圓盾
銀的母礦
魔法石
黑綢緞長袍
黑隱者之服
綠色新月型長靴
[技能書]砲台章魚王 20"
8143000,Grim Phantom Watch, 怨靈女巫,99,60000,220,-10,465,850,530,570,205,38,2800,6000,FALSE,禁忌的時間,"Gun Production Stimulator
Knuckler Production Stimulator
上衣防禦卷軸60%
單手劍命中卷軸10%
召喚石
德古拉紅手套
拳套攻擊卷軸10%
寒冰碎塊
滄海弩弓
烤鰻魚
白色藥水
紫天空之帽
紅飛翼鞋
綠綢緞長袍
綠色海盜帽
綠色虎雲裙
綠色高麗貴婦袍
綠貴族鎧甲
黑色費洛奇拳頭
褐扣帶護甲
褐色勇者褲
超級藥水
鋼鐵母礦
銀古代盾牌
鋰礦石母礦
製作長杖的催化劑
雷神之錘
馬爾斯黑拳套
魔力藥水
魔力藍手套
紅色昂斯頭盔
黑密林之鞋
黑飄雲之衣"
8150000,Crimson Balrog,地獄巴洛古,100,100000,500,,500,800,720,800,180,40,3500,5000,TRUE,開往天空之城,"地獄巴洛古的企劃書
上衣幸運卷軸60%
上衣防禦卷軸10%
套服敏捷卷軸10%
套服防禦卷軸10%
單手劍攻擊卷軸10%
單手斧攻擊卷軸10%
單手棍命中卷軸60%
單手棍攻擊卷軸10%
雙手劍命中卷軸60%
雙手劍攻擊卷軸10%
雙手斧攻擊卷軸10%
雙手棍命中卷軸60%
雙手棍攻擊卷軸10%
頭盔生命卷軸10%
頭盔敏捷卷軸60%
頭盔防禦卷軸10%
弓攻擊卷軸10%
弩攻擊卷軸10%
手套攻擊卷軸10%
手套敏捷卷軸10%
拳套攻擊卷軸10%
指虎攻擊卷軸100%
月牙鏢
槍攻擊卷軸10%
盾牌防禦卷軸10%
矛攻擊卷軸10%
短劍攻擊卷軸10%
短杖魔力卷軸10%
火槍攻擊卷軸10%
耳環智力卷軸10%
褲、裙防禦卷軸10%
長杖魔力卷軸10%
鞋子敏捷卷軸10%
鞋子跳躍卷軸10%
鞋子速度卷軸10%"
8150100,Shark,鯊魚,100,65000,230,-40,490,850,530,570,205,38,3000,5500,FALSE,受難船的墓地,"Topwear Production Stimulator
老舊的書
[技能書]瞬‧迅雷 30
藍色蒂娜長靴
製作雙手斧的催化劑
製作雙手棍的催化劑
召喚石
黑色綢緞帽
綠色昂斯鞋
小妖精刀
綠色米斯特手套
披風力量卷軸60%
披風防禦力卷軸60%
敏捷母礦
活力藥水
烤鰻魚
玫瑰耳環
盾牌防禦卷軸60%
火槍攻擊卷軸10%
紫礦石母礦
藍扣帶靴
藍色崇高服
藍色強化褲
超級藥水
釘頭錘
馴鹿奶
紅色公爵套裝
魔法石
黑色昂斯頭盔"
8150101,Cold Shark,尖鼻鯊魚,102,67000,240,-40,500,855,535,575,205,38,3100,5500,FALSE,受難船的墓地,"Overall Production Stimulator
老舊的書
[技能書]會心之眼 20
上衣生命卷軸100%
單手劍攻擊卷軸60%
召喚石
紅色昂斯鞋
紫色米斯特手套
製作弓的催化劑
披風幸運卷軸60%
綠色巴爾鞋
湯勺
活力藥水
烤鰻魚
盾牌力量卷軸60%
製作矛的催化劑
製作短杖的催化劑
粉色勇者褲
紫扣帶護甲
紅扣帶帽
黑色公爵靴
耳環智力卷軸60%
花靈之斧
草莓耳環
褐扣帶靴
超級藥水
鑽石母礦
鋰礦石母礦
馴鹿奶
魔法石
藍色昂斯頭盔
[技能書]崩潰之星 20
[技能書]閃．爆破 20"
8150200,Green Cornian,短刃龍戰士,100,56000,200,-10,480,800,0,500,205,45,3000,5000,FALSE,"龍森林Ⅰ
火焰森林
神秘森林
隱密的龍之墓Ⅰ
隱密的龍之墓Ⅱ
龍森林Ⅱ","Bottomwear Production Stimulator
Two Handed Sword Forging Stimulator
Shield Production Stimulator
上衣幸運卷軸60%
藍色亞納林手套
頭盔防禦卷軸60%
斬魔刀
木頭肩護帶
活力藥水
紅色馬蒂爾手套
烤鰻魚
短劍攻擊卷軸60%
紫扣帶靴
紫礦石母礦
紅色貓裝
可撒之弩
綠色羅赤裝
綠色米斯裝
黑色的航海帽
龍魂石
閃耀的龍鱗
藍色格萊西頭盔
超級藥水
青銅圓盾
鋰礦石母礦
高爆彈
黃昏之露
黑暗母礦
[技能書]元氣彈 30"
8150201,Dark Cornian,雙刀龍戰士,105,67000,200,-10,495,800,0,500,205,45,3700,5000,FALSE,"龍森林Ⅰ
火焰森林
神秘森林
隱密的龍之墓Ⅱ
龍森林Ⅲ","Gun Production Stimulator
One Handed Sword Forging Stimulator
[技能書]神秘狙擊 20
[技能書]弓術精通 20
[技能書]格擋 20
[技能書]地獄爆發 20
[技能書]瞬‧迅雷 20
綠色亞納林手套
套服敏捷卷軸60%
怒濤之杖
Scroll for Two-Handed Sword for Accuracy 60%
雙手棍命中卷軸100%
雙手鐳劍
製作拳套的催化劑
指虎攻擊卷軸100%
紅色艾倫鞋
活力藥水
海藍石母礦
烤鰻魚
紅色貓裝
紅色條紋手套
紅色格萊西頭盔
綠色拜爾裝
綠色厄索爾盔甲
綠色厄索爾裙子
耳環智力卷軸10%
龍魂石
閃耀的龍鱗
褲裙跳躍卷軸60%
超級藥水
死亡協奏曲
鋼鐵母礦
銀圓盾
馴鹿奶
骷髏肩護帶
黑暗母礦
[技能書]致命的飛毒殺 20
[技能書]究極突刺 20
[技能書]精神飲料：召喚銀隼 20"
8150300,Red Wyvern,赤翼龍,97,53000,210,-20,450,830,500,550,203,37,2500,5000,FALSE,"龍之峽谷
峽谷岔道
赤翼龍巢穴
翼龍峽谷
深山凶屋","Two Handed Sword Forging Stimulator
One Handed Sword Forging Stimulator
[Mastery Book] Battleship Cannon 30
套服幸運卷軸60%
白色馬其尼套裝
單手劍攻擊卷軸10%
Scroll for One-Handed Axe for Accuracy10%
召喚石
紅色綢緞帽
製作弩的催化劑
敏捷母礦
綠色巴爾鞋
活力藥水
火槍攻擊卷軸60%
石榴石母礦
粉色勇者褲
紅扣帶護甲
藍色昂斯
龍魂石
閃耀的龍鱗
紫色費洛奇拳頭
超級藥水
鋼鐵母礦
鞋子敏捷卷軸60%
翼龍的翅膀
梅杜斯"
8150301,Blue Wyvern,藍翼龍,101,57000,250,-20,495,850,535,570,205,38,3050,5000,FALSE,"龍之峽谷
峽谷岔道
藍翼龍巢穴
翼龍峽谷
深山凶屋","One Handed Mace Forging Stimulator
Topwear Production Stimulator
上衣防禦卷軸60%
雙手劍攻擊卷軸60%
鬼頭杖
頭盔防禦卷軸60%
幸運母礦
紫色米斯特手套
製作弩的催化劑
活力藥水
烤鰻魚
鐳奧釘錘
盾牌幸運卷軸60%
紅綢緞長袍
綠色米斯裝
藍寶石母礦
龍魂石
閃耀的龍鱗
超級藥水
銀的母礦
紅色阿爾納鞋
翼龍的鰓
黑色斯卡洛伯爵手套
魔法石
黑色格萊西頭盔
[技能書]鬥神降世 20"
8150302,Dark Wyvern,黑翼龍,103,60000,250,-20,505,900,540,580,205,38,3150,5000,FALSE,"峽谷東側路
峽谷西側路
翼龍峽谷
深山凶屋
龍之巢穴入口","[技能書]核爆術 20
[Mastery Book] Battleship Cannon 20
[技能書]聖靈之棍 20
藍色蒂娜長靴
王者毀滅拳套
力量母礦
製作雙手斧的催化劑
召喚石
飛翔斧
黑色亞達夫手套
槍攻擊卷軸60%
活力藥水
海藍石母礦
烤鰻魚
製作矛的催化劑
矛攻擊卷軸10%
製作短劍的催化劑
紫礦石母礦
紅色勇者褲
耳環智力卷軸10%
藍扣帶護甲
青綢緞長袍
龍魂石
閃耀的龍鱗
超級藥水
銀色格萊西頭盔
霸傑之刃
翼龍的指甲
馴鹿奶
魔法石
[技能書]英勇狂斬 20
[技能書]無形鏢 20"
8160000,Gatekeeper, 通道守門人,108,78000,200,-50,550,900,600,650,210,37,4300,5500,FALSE,扭曲的迴廊,"One Handed Axe Forging Stimulator
One Handed Mace Forging Stimulator
綠色蒂娜長靴
幸運母礦
通道守門人臂章
月神刀
活力藥水
海藍石母礦
烤鰻魚
黑色艾倫弓
盾牌幸運卷軸60%
製作短劍的催化劑
破天弩弓
粉色虎雲裙
紫貴族鎧甲
紅扣帶護甲
紅白銀鎧甲
紅色海盜帽
紅色勇者褲
草莓耳環
藍白銀鎧甲
青綢緞長袍
藍閃電甲
褲、裙防禦卷軸10%
鋼鐵古代盾牌
鋼鐵母礦
青銅圓盾
鞋子跳躍卷軸10%
高爆彈
紅色公爵套裝
魔力青手套
魔法石
藍色昂斯頭盔
黃飄雲之衣
黑密林之鞋
龍之拳"
8170000,Thanatos, 達納托斯,108,70000,300,-50,510,850,620,680,210,38,4100,5500,FALSE,遺忘的迴廊,"Shield Production Stimulator
One Handed Axe Forging Stimulator
黑色書本
套服智力卷軸100%
鳳凰刃
召喚石
手套敏捷卷軸10%
製作長槍的催化劑
活力藥水
玫瑰耳環
紫密林之鞋
紫礦石母礦
綠密林之鞋
綠神仙之服
綠龍紋披風
藍色水晶靴
褐天空之帽
超級藥水
速度藥水
金剛刃
銀圓盾
銀的母礦
馬藍艾倫弓
製作鞋子的催化劑
鞋子敏捷卷軸10%
紅色阿爾納鞋
綠色昂斯頭盔
黃金古代盾牌
黑宮衣
黑暗弩弓
黑暗母礦
黑水晶母礦
達納托斯肩章
黑白銀鎧甲
黑綢緞長袍
黑色崇高服
黑色強化褲
黑隱者之服
黑隱者之裙"
8180000,Manon,噴火龍,105,1700000,1500,-20,550,900,680,850,200,39,13500,5000,TRUE,噴火龍棲息地,"[Mastery Book] Blocking 30
[技能書]挑釁 20
[技能書]魔龍降臨 30
[技能書]精神飲料：召喚鳳凰 30
[技能書]劇毒麻痺 20
[技能書]進階祝福30
[技能書]地獄爆發 20
[技能書]瞬‧迅雷 20
[技能書]武神防禦 30
紫凌劍
白色獵鷹弓
怒濤之杖
王者毀滅拳套
力量母礦
單手劍攻擊卷軸60%
Scroll for One-Handed Axe for Accuracy 10%
單手斧攻擊卷軸60%
單手棍攻擊卷軸60%
Scroll for Two-Handed Sword for Accuracy 10%
雙手劍攻擊卷軸60%
雙手斧攻擊卷軸60%
Scroll for Two-Handed BW for ATT 60%
噴火龍的尾巴
噴火龍的集音器
鬼頭杖
白色雷鳥弓
幸運母礦
弓攻擊卷軸60%
弩攻擊卷軸60%
阿基里斯斧矛
手套生命卷軸60%
手套攻擊卷軸10%
拳套攻擊卷軸60%
指虎攻擊卷軸60%
敏捷母礦
赤焰刀
智慧母礦
槍攻擊卷軸60%
神匠之錘
印第安戰斧
特殊藥水
矛攻擊卷軸60%
短劍攻擊卷軸60%
短杖魔力卷軸60%
火槍攻擊卷軸60%
火尖槍
耳環生命卷軸10%
英雄五角勳章
龍魂石
閃耀的龍鱗
超級藥水
克利思拳套
死亡協奏曲
長杖魔力卷軸60%
赤玉短刀
海克力斯之錘
黃金雙刃
雷神大斧
[技能書]鬥神降世 20"
8180001,Griffey,格瑞芬多,105,0,1500,-20,550,900,680,850,200,39,13500,5000,TRUE,格瑞芬多森林,"[技能書]幻影踏步30
[技能書]幻影踏步30
[技能書]致命暗殺 20
[技能書]聖靈之棍 20
[技能書]聖靈之棍 20
[技能書]閃電連擊 20
紫凌劍
上衣防禦卷軸10%
賽伊蘭的項鍊
白色獵鷹弓
Scroll for Overall Armor for STR 60%
套服敏捷卷軸10%
套服智力卷軸60%
套服幸運卷軸60%
套服防禦卷軸10%
怒濤之杖
王者毀滅拳套
力量母礦
Scroll for One-Handed Axe for Accuracy 10%
單手棍命中卷軸10%
Scroll for Two-Handed Axe for Accuracy 60%
鬼頭杖
白色雷鳥弓
格瑞芬多的振翅之風
頭盔生命卷軸10%
頭盔防禦卷軸10%
幸運母礦
阿基里斯斧矛
手套敏捷卷軸10%
敏捷母礦
赤焰刀
智慧母礦
格瑞芬多角
神匠之錘
印第安戰斧
特殊藥水
盾牌幸運卷軸10%
盾牌防禦卷軸10%
老舊手鐲
火尖槍
耳環智力卷軸10%
英雄星型墜飾
龍魂石
閃耀的龍鱗
褲、裙防禦卷軸10%
褲裙跳躍卷軸60%
超級藥水
克利思拳套
死亡協奏曲
赤玉短刀
海克力斯之錘
鞋子敏捷卷軸10%
鞋子跳躍卷軸10%
鞋子速度卷軸10%
黃金雙刃
雷神大斧
[技能書]崩潰之星 20
[技能書]精神飲料：召喚銀隼 20
[技能書]元氣彈 30
[技能書]閃．爆破 20"
8190000,Jr. Newtie,幼年龍,105,68000,200,0,500,750,550,680,205,38,3800,5000,FALSE,"遭破壞的龍之巢穴
危險的龍之巢穴","One Handed Mace Forging Stimulator
[技能書]召喚火炎神 20
[技能書]致命暗殺 20
[技能書]會心之眼 20
[技能書]弩術精通 20
[技能書]劇毒麻痺 20
上衣力量卷軸10%
製作雙手斧的催化劑
Scroll for Two-Handed Axe for Accuracy 100%
召喚石
頭盔生命卷軸60%
雙手鐳劍
拳套攻擊卷軸10%
智慧母礦
綠色巴爾帽
製作長槍的催化劑
活力藥水
烤鰻魚
紅色貓裝
紅色條紋手套
綠色崇高服
黑色的航海帽
龍魂石
閃耀的龍鱗
蛋殼碎片
蛋白石母礦
超級藥水
赤玉短刀
青銅母礦
藍色阿爾納鞋
馴鹿奶
魔法石
黑色強化褲
[技能書]閃．爆破 30"
8190001,Jr. Newtie,變身的幼年龍,105,68000,200,0,500,750,550,680,205,38,0,5000,FALSE,,"One Handed Mace Forging Stimulator
[技能書]召喚火炎神 20
[技能書]致命暗殺 20
[技能書]會心之眼 20
[技能書]弩術精通 20
[技能書]劇毒麻痺 20
上衣力量卷軸10%
製作雙手斧的催化劑
Scroll for Two-Handed Axe for Accuracy 100%
召喚石
頭盔生命卷軸60%
雙手鐳劍
拳套攻擊卷軸10%
智慧母礦
綠色巴爾帽
製作長槍的催化劑
活力藥水
烤鰻魚
紅色貓裝
紅色條紋手套
綠色崇高服
黑色的航海帽
龍魂石
閃耀的龍鱗
蛋殼碎片
蛋白石母礦
超級藥水
赤玉短刀
青銅母礦
藍色阿爾納鞋
馴鹿奶
魔法石
黑色強化褲
[技能書]閃．爆破 30"
8190002,Nest Golem,幼龍保護者,110,80000,240,-50,580,900,650,600,210,38,8050,5000,FALSE,"遭破壞的龍之巢穴
危險的龍之巢穴
主巢穴山峰","[技能書]挑釁 20
[技能書]暴風神射 20
[技能書]召喚冰魔 20
[技能書]絕對引力 20
[技能書]聖靈之棍 20
[技能書]進階鬥氣 20
召喚石
白色雷鳥弓
幸運母礦
藍色希亞手套
製作弩的催化劑
披風幸運卷軸10%
紅色巴爾鞋
活力藥水
綠色凱蘭特手套
烤鰻魚
火槍攻擊卷軸60%
幼年龍的巢
穿甲彈
紫礦石母礦
綠色拜爾裝
草莓耳環
藍色貓裝
龍魂石
閃耀的龍鱗
超級藥水
死亡協奏曲
鑽石母礦
長杖魔力卷軸60%
鞋子速度卷軸60%
紅色阿爾納帽
黑色斯卡洛伯爵手套
魔法石
雷神大斧
[技能書]精準砲擊 20"
8190003,Skelegon,化石龍,110,80000,240,-20,520,800,660,700,210,38,4500,5000,FALSE,"死龍巢穴
被遺留的龍之巢穴1","[技能書]天使之箭 20
[Mastery Book] Blocking 20
[技能書]忍術風影 20
[技能書]最終極速 20
[技能書]精神飲料：召喚鳳凰 20
[技能書]騎士衝擊波 20
吸血鬼之爪
藍色亞納林手套
Scroll for Overall Armor for STR 10%
召喚石
弩攻擊卷軸10%
手套攻擊卷軸10%
斷裂的角
智慧母礦
神匠之錘
活力藥水
藍色凱蘭特手套
烤鰻魚
玫瑰耳環
製作短劍的催化劑
短劍攻擊卷軸60%
火槍攻擊卷軸10%
穿甲彈
紫水晶母礦
黑色公爵靴
藍色羅赤裝
龍魂石
閃耀的龍鱗
藍色卡那裝
Scroll for Bottomwear for DEX 10%
超級藥水
鋼鐵母礦
製作鞋子的催化劑
魔法石
黃金雙刃
綠色尼爾哲頭盔
藍色新月型長靴
[技能書]光速神弩 20"
8190004,Skelosaurus,化石龍長老,113,85000,250,-20,530,810,670,710,210,38,4750,5000,FALSE,"死龍巢穴
被遺留的龍之巢穴1
主巢穴山峰","Shield Production Stimulator
Topwear Production Stimulator
[技能書]瞬步連擊20
[技能書]幻影踏步20
[技能書]幻影踏步20
[技能書]會心之眼30
[技能書]進階鬥氣 30
[技能書]進階祝福20
[技能書]武神防禦 20
紫凌劍
綠色卡奈頭巾
紅色蒂娜長靴
Scroll for Overall Armor for STR 100%
王者毀滅拳套
Scroll for Two-Handed BW for Accuracy 10%
Scroll for Two-Handed BW for ATT 60%
召喚石
綠色希亞手套
製作弓的催化劑
披風力量卷軸60%
披風防禦力卷軸60%
指虎攻擊卷軸60%
活力藥水
海藍石母礦
烤鰻魚
盾牌幸運卷軸60%
製作短杖的催化劑
穿甲彈
綠色涅奧斯長褲
Scroll for Earring for HP 60%
藍色拜爾裝
龍魂石
閃耀的龍鱗
藍色涅奧斯盔甲
超級藥水
老舊的骨頭
海克力斯之錘
魔法石
黃晶母礦
黑暗母礦
[技能書]海盜魚雷 20"
8220000,Elliza,艾利傑,83,461000,320,-50,420,600,400,450,150,30,2800,3000,TRUE,天空階梯 II,"Steel Arrow for Bow
上衣防禦卷軸60%
Scroll for One-Handed Sword for Accuracy 60%
Scroll for Two-Handed Axe for Accuracy 10%
Scroll for Two-Handed BW for Accuracy 10%
黑色昂斯鞋
頭盔防禦卷軸60%
妖精的蜂蜜
披風生命卷軸60%
披風敏捷卷軸60%
黑色馬金斯靴
黑色艾倫鞋
槍攻擊卷軸60%
矛攻擊卷軸60%
短劍攻擊卷軸60%
短杖魔力卷軸60%
紫扣帶護甲
紫扣帶護甲
耳環智力卷軸60%
Scroll for Earring for LUK 60%
藍色衝浪板
黑色費洛奇拳頭
銀鱗甲靴
鞋子速度卷軸60%
Scroll for Pendant for STR 10%
Scroll for Pendant for DEX 10%
Scroll for Pendant for INT 10%
Scroll for Pendant for LUK 10%
黑色昂斯
黑綢緞長袍
黑色梅杜斯
黑色高麗貴婦袍"
8220001,Snowman,雪毛怪人,90,1291000,300,0,450,800,430,500,195,38,5200,3000,TRUE,雪人之谷,"Soft White Bun
吸血鬼之爪
套服敏捷卷軸60%
坲羅劍
怒濤之杖
冷凍金槍魚
頭盔智力卷軸10%
佛羅利刃
雪球
飛翔斧
雙利刃斧
手套攻擊卷軸60%
手套敏捷卷軸60%
披風生命卷軸10%
披風智力卷軸10%
披風智力卷軸60%
披風防禦力卷軸60%
指虎攻擊卷軸100%
槍命中卷軸10%
橙色滑雪板
鐳奧釘錘
玫瑰耳環
盾牌生命卷軸60%
盾牌防禦卷軸60%
Scroll for Eye Accessory for DEX 10%
Scroll for Eye Accessory for LUK 10%
短劍攻擊卷軸10%
短杖魔力卷軸10%
短杖魔力卷軸60%
可撒之弩
紅色滑雪板
綠色滑雪板
耳環幸運卷軸10%
藍色滑雪板
卡帝斯拳套
褲、裙防禦卷軸60%
金圓盾
鋼鐵弩箭
Silver mesos bag
長杖魔力卷軸10%
長杖魔力卷軸60%
毀滅之鎚
Bronze mesos bag
鞋子敏捷卷軸60%
格洛斧
霸傑之刃
梅杜斯
調停者"
8220002,Kimera,奇美拉,85,986000,350,-30,430,700,430,465,160,27,3000,3000,TRUE,研究所地底秘密通道,"吸血鬼之爪
上衣生命卷軸10%
Scroll for Overall Armor for STR 60%
套服敏捷卷軸60%
套服智力卷軸60%
套服幸運卷軸60%
套服防禦卷軸60%
坲羅劍
佛羅利刃
飛翔斧
聖權杖
雙利刃斧
雙手鐳劍
披風生命卷軸60%
披風力量卷軸60%
披風敏捷卷軸60%
披風智力卷軸60%
披風幸運卷軸60%
斬魔刀
月牙鏢
鐳奧釘錘
盾牌力量卷軸60%
Scroll for Eye Accessory for STR 10%
Scroll for Eye Accessory for INT 10%
可撒之弩
Scroll for Earring for HP 60%
耳環智力卷軸60%
卡帝斯拳套
Gold mesos bag
高等子彈
Silver mesos bag
可撒之劍
毀滅之鎚
格洛斧
霸傑之刃
魔靈之魂
梅杜斯
調停者"
8220003,Leviathan,寒霜冰龍,120,56845000,3500,-20,620,950,710,1050,230,41,47355,10000,TRUE,深山凶屋,"[技能書]無形鏢 30
[技能書]暴風神射 30
[技能書]格擋 20
[技能書]劇毒麻痺 30
[技能書]瞬‧迅雷 30
[技能書]閃電連擊 30
紫凌劍
白色獵鷹弓
怒濤之杖
王者毀滅拳套
Scroll for Two-Handed BW for Accuracy 60%
召喚石
鬼頭杖
白色雷鳥弓
阿基里斯斧矛
手套生命卷軸60%
赤焰刀
神匠之錘
活力藥水
印第安戰斧
火尖槍
Scroll for Belt for STR 30%
Scroll for Belt for DEX 30%
Scroll for Belt for INT 30%
Scroll for Belt for LUK 30%
超級藥水
克利思拳套
死亡協奏曲
赤玉短刀
海克力斯之錘
翼龍的指甲
翼龍的翅膀
翼龍的鰓
馴鹿奶
魔法石
黃金雙刃
雷神大斧
[技能書]閃．索命 30"
8500002,Papulatus,拉圖斯,125,1590000,80,60,800,800,1000,1200,230,40,970000,12000,TRUE,動力室,"[技能書]瞬步連擊30
[技能書]天使之箭 30
[技能書]崩潰之星 30
[技能書]無雙劍舞 30
[技能書]無形鏢 30
[技能書]暴風神射 30
[技能書]弩術精通 20
[技能書]弓術精通 20
[技能書]格擋 20
[技能書]光速神弩 30
[技能書]魔力無限 20
[技能書]騎士衝擊波 30
[技能書]地獄爆發 30
上衣力量卷軸10%
上衣力量卷軸60%
白色馬其尼套裝
單手斧攻擊卷軸10%
單手斧攻擊卷軸60%
單手棍攻擊卷軸10%
單手棍攻擊卷軸60%
雙手斧攻擊卷軸10%
雙手斧攻擊卷軸60%
Scroll for Two-Handed BW for ATT 60%
雙手棍攻擊卷軸10%
綠色綢緞帽
拉圖斯的象徵
綠色米斯特手套
綠色亞達夫手套
披風生命卷軸10%
披風生命卷軸60%
披風力量卷軸10%
披風力量卷軸60%
披風敏捷卷軸10%
披風敏捷卷軸60%
披風智力卷軸10%
披風智力卷軸60%
披風幸運卷軸10%
披風幸運卷軸60%
披風防禦力卷軸10%
披風防禦力卷軸10%
披風防禦力卷軸60%
披風防禦力卷軸60%
披風魔力卷軸10%
披風魔力卷軸60%
綠色貴族手套
紅色馬蒂爾手套
紅扣帶帽
紅扣帶護甲
紅色勇者褲
綠色昂斯
綠綢緞長袍
綠色格萊西頭盔
耳環敏捷卷軸10%
耳環敏捷卷軸60%
耳環智力卷軸10%
耳環智力卷軸60%
Scroll for Earring for LUK 60%
耳環幸運卷軸10%
紅色勇者頭巾
綠色費洛奇拳頭
綠色昂斯頭盔
達克泰可
[技能書]閃．連殺 30
[技能書]心靈控制 20
[技能書]致命的飛毒殺 20
[技能書]閃．索命 20
[技能書]海盜魚雷 20"
9300090,Freezer,銀隼,42,2300,1500,,430,780,480,850,200,39,13500,5000,TRUE,,"披風敏捷卷軸60%
暴風弓
製作長槍的催化劑
格鬥斧
求救信
海豹肉
特殊藥水
白色藥水
製作短劍的催化劑
綠守護之服
綠守護褲
綠星光長袍
綠貴族軟帽
褐色皮製遠洋帽
藍色藥水
藍色骷髏頭盔
鑽石母礦
鋰礦十字軍帽
骷髏耳環
黃金母礦
黃陽
黃陽褲
黑暗之影
黑暗之褲
黑暗母礦"
9300129,Ratz,發條楓葉鼠,32,1000,0,20,150,120,0,160,100,25,115,1,FALSE,,"One Handed Mace Forging Stimulator
One Handed Axe Forging Stimulator
Brown Paulie Boots
偃月刃
力量母礦
動物皮
半白武褲
雙手棍命中卷軸60%
大斧
海藍石母礦
白色藥水
矛攻擊卷軸60%
紫礦石母礦
紅守護手套
綠假面帽
捕鼠器
藍色藥水
褐雙翼之帽
古代錘
鋼鐵母礦
銀鏈鞋
製作長杖的催化劑
青銅名弓手套"
9300144,Reinforced Mithril Mutae,強化鋰礦穆太,50,3000,240,-10,250,290,200,300,130,20,300,3000,FALSE,,"Shield Production Stimulator
Hardened Piece of Mithril
One Handed Mace Forging Stimulator
刺客短刀
製作雙手斧的催化劑
頭盔敏捷卷軸100%
弩攻擊卷軸10%
強效魔力水
製作手套的催化劑
敏捷母礦
樹靈之斧
綠色強化服
白色藥水
盾牌防禦卷軸60%
火槍攻擊卷軸10%
紅精靈鞋
綠貴族禮服
耳環敏捷卷軸60%
藍寶石母礦
藍色藥水
惡魔之爪
褐將軍鎧甲"
9300147,Homunculus,哈門庫魯,73,15500,240,-35,260,300,250,320,160,28,320,3000,FALSE,,"One Handed Mace Forging Stimulator
May Mist
Two Handed Sword Forging Stimulator
製作雙手棍的催化劑
頭盔智力卷軸60%
將軍的紅頭盔
幸運母礦
弩攻擊卷軸60%
指虎攻擊卷軸60%
活力藥水
特殊藥水
盾牌力量卷軸10%
紗羅毀滅拳套
紅天上之衣
紅色水晶靴
紅無痕之鞋
綠密林之鞋
綠隱者之服
綠隱者之褲
綠飄雲之衣
藍十字鞋
藍神聖服
藍神聖之冠
藍花精鞋
藍飄雲之衣
藍色飛翔帽
褲裙生命卷軸60%
褐玄武之甲
褐玄武之褲
赤草露
銀忍者頭巾
銀的母礦
霸王劍
青銅戰盔
黃晶母礦"
9300149,Roid,洛伊德,54,4400,240,-40,250,270,290,300,150,18,295,3000,FALSE,,"Two Handed Sword Forging Stimulator
Wires
上衣生命卷軸10%
Scroll for One-Handed Sword for Accuracy 60%
製作雙手斧的催化劑
白色藥水
皮手套
紅鋼玉褲
紅鋼玉鎧甲
耳環幸運卷軸10%
藍寶石母礦
藍板金褲
藍板金鎧甲
藍色藥水
灼熱地獄
青仙白宮
製作鞋子的催化劑
黃陽
黃陽褲
黑獵人帽
黑暗母礦
黑褐寂靜之服"
9300157,Scorpion,競技場怪物,29,780,0,-20,65,50,0,75,85,11,30,0,FALSE,,"鋰礦石
Scorpion Sting
偃月刃
單手劍攻擊卷軸10%
Scroll for One-Handed Axe for Accuracy 10%
命中藥水
箭矢
弩箭矢
敏捷母礦
橘色藥水
短杖魔力卷軸60%
黃金火槍
紅暗影之服
紅暗影之褲
綠蛇刀
藍色藥水
褐雙翼之帽
鋼製機器手套
鋼鐵母礦
強力子彈
鋰礦石母礦
黑魔力長袍"
9400000,Crow,烏鴉,25,550,20,,90,30,0,30,50,10,42,30,FALSE,,"烏鴉的羽毛
頭盔防禦卷軸10%
滄海雪板
活力藥水
花枝丸
紅劍道服
紅護身鎧甲
綠色雨傘
藍假面帽
藍皮鞋
鋰礦短杖
鍋蓋
雷電
青銅弓箭
青銅弩箭
青銅母礦
青銅盜賊手套
鞋子跳躍卷軸60%
黑輪(竹串)
黃晶母礦
黑色利刃"
9400002,Cloud Fox,雲狐,30,920,50,20,98,80,0,70,60,12,55,1,FALSE,,"七星劍
雲狐尾巴
單手斧攻擊卷軸10%
雙手劍攻擊卷軸10%
大斧
紙製頭盔
貓眼耳環
米伽勒的平底鍋
紫水晶母礦
紅羽翼三角帽
藍守護之服
藍寶石鎧甲
藍鬥士鞋
藍羽翼三角帽
藍色雨傘
鋼鐵母礦
黑輪(竹串)
鷹弩"
9400003,Nightghost,遊魂,60,7100,100,,165,200,0,220,160,25,220,500,FALSE,,"召喚石
天弓
太極扇
幸運母礦
披風敏捷卷軸60%
披風智力卷軸60%
排骨麵
海藍石母礦
火焰刀
白妖精禮服
紅色鞭子
紅貴族禮服
綠鋼玉鎧甲
葡萄汁
雙份日式炒麵
赤旋風甲
金蛇劍
雷之鏢
青銅忍者頭巾
魔法石
黃金合金手套
黑和平之帽
敏捷盾牌
黑金褲
黑飛影之褲"
9400010,Flaming Raccoon,貍貓,30,1200,0,0,100,999,0,999,999,999,0,9999,FALSE,,"Raccoon Firewood
Kinoko Ramen Salt
Tri-colored Dango
三角鐵鏟
上衣防禦卷軸60%
雙手棍攻擊卷軸10%
太極扇
方形鐵鏟
橙色滑雪板
白魔法鞋
綠守護之服
綠守護褲
藍飛影甲
藍魔法鞋
蛋白石母礦
金耳環
鐵釘錘
黃色拖把
黃金母礦
黑守護之服
黑守護褲"
9400011,Paper Lantern Ghost,燈籠鬼,40,1920,50,0,120,140,145,160,150,25,93,1,FALSE,,"Ocher Shouldermail (M)
上衣防禦卷軸10%
雙股劍
雙手斧攻擊卷軸60%
破燈籠
攻擊藥水
活力藥水
貓眼耳環
白魔法戰士衣
矛攻擊卷軸10%
藍妖精禮服
雙份日式炒麵
力量盾牌
赤月褲
強力子彈
黑輪(竹串)
黃沙之劍
黃金褲
黑暗之褲
黑暗母礦"
9400012,Water Goblin,河童,60,7100,150,5,190,200,250,230,190,22,220,500,FALSE,,"Two Handed Sword Forging Stimulator
光明斧
套服幸運卷軸60%
十字槍
將軍青頭盔
弓攻擊卷軸60%
活力藥水
白弓羽
白聖黨之服
白龍之杖
綠鋼玉鎧甲
藍板金鎧甲
褲、裙防禦卷軸10%
赤飛影之褲
金蛇劍
鞋子速度卷軸60%
河童的小黃瓜
黃金弩"
9400013,Dreamy Ghost,雪女,100,65000,350,45,480,810,540,580,210,34,3200,300,FALSE,,"命中藥水
弩攻擊詛咒卷軸30%
彩虹游泳圈
披風力量詛咒卷軸70%
雪女的衣角
中華拉麵
橘子
水仙耳環
活力藥水
特殊藥水
白色守護披風
短杖魔力詛咒卷軸70%
紅色飛翔帽
綠閃電甲
耳環敏捷詛咒卷軸70%
鋼鐵古代盾牌
青雲劍
格洛斧
藍色昂斯頭盔"
9410000,Stray Dog,小狗仔,23,500,30,10,80,28,0,45,60,7,40,1,FALSE,,"偃月刃
動物皮
山羊弩
活力藥水
白紋短手套
白色藥水
石榴石母礦
祖母綠母礦
堅硬的羽毛
紅提貝之帽
紅魔者之袍
綠羽翼帽
褐雙翼之帽
金耳環
銀的母礦
飛影刃"
9410001,Stylish Stray Dog,帥氣狗仔,25,550,30,10,85,30,0,50,60,8,43,1,FALSE,,"動物皮
太極扇
強效魔力水
白色藥水
紫水晶母礦
紫礦石母礦
藍色雨傘
蛋白石母礦
帅气狗仔的墨镜
小狗仔的尾巴
鋁球棍
黃色雨傘
黑十字鎖子甲
黑羽翼三角帽
黑龍袍"
9410002,Angry Stray Dog,凶狠狗仔,42,2300,30,15,140,160,150,110,160,20,102,1,FALSE,,"Blue Adventurer Cape
動物皮
半月巨刀
孫悟空頭箍
巨人錘
海藍石母礦
白色藥水
紅魔力長袍
藍寶石母礦
褐海盜頭巾
凶狠狗仔的假牙
金飛鏢
黃晶母礦
黑暗母礦
黑魔力長袍"
9410003,Clown Monkey,小丑猴,40,1850,100,0,120,140,130,150,110,25,95,1,FALSE,,"雙手棍攻擊卷軸10%
智慧母礦
槍騎士頭盔
特殊藥水
小丑猴的脚踏车
白色藥水
綠黑太陽帽
耳環智力卷軸10%
藍色月光服
藍色藥水
褲、裙防禦卷軸10%
赤弓羽
銀的母礦
鋰礦石母礦
高原之劍
黃弓羽
黃金母礦
黃黑太陽帽
黑和平之帽"
9410004,Biker Monkey,飆車猴,47,2800,50,10,150,180,0,200,130,18,117,1,FALSE,,"冰柱
聖十字耳環
指虎攻擊卷軸100%
安全帽
朱礦石母礦
赤草露
鑽石母礦
強力子彈
長杖魔力卷軸60%
青銅母礦
黑飛影之服
黑飛影之服
黑飛影之褲"
9410005,Red Bubble Tea,草莓珍奶,38,1900,100,-20,120,105,135,120,140,15,88,100,FALSE,,"套服敏捷卷軸10%
頭盔生命卷軸60%
彎刀
樹靈之劍
石榴石母礦
祖母綠武士頭盔
红色粉圆
紅色鞭子
褐魔道之帽
赤斧
青銅母礦
骷髏耳環
黃色雨傘
黃金母礦
黑暗之影
黑暗之褲"
9410006,Yellow Bubble Tea,珍珠奶茶,38,1900,100,-20,120,105,135,120,140,15,88,100,FALSE,,"上衣防禦卷軸60%
召喚石
太極扇
指虎攻擊卷軸60%
朱礦石母礦
紫礦石母礦
紅色鞭子
藍色雨傘
強力子彈
鋁球棍
鍋蓋
黄色粉圆
黑暗母礦
土飛鏢
黑龍袍"
9410007,Green Bubble Tea,抹茶珍奶,38,1900,100,-20,120,105,135,120,140,15,88,100,FALSE,,"雪球
滄海之影
滄海之褲
紫寂靜之服
紫寂靜裙
紅錦絲鞋
绿色粉圆
綠羽翼三角帽
藍假面帽
藍海盜頭巾
褐色術士帽
赤紅護腕
鋰礦石母礦
鞋子跳躍卷軸10%
魔法石
黃金諾曼頭盔"
9410008,Yeti UFO Catcher,雪吉拉娃娃機,50,3800,50,-25,175,160,160,210,152,20,135,300,FALSE,,"戰鬥盾牌
披風幸運卷軸100%
白銀弩
粉红雪吉拉玩偶
紅守護褲
綠守護褲
褐貴族褲
鋰礦名弓手套
黃月鞋
黑守護褲"
9410010,Jr. Pepe UFO Catcher,小企鵝王娃娃機,50,3800,50,-20,175,160,160,210,152,20,135,450,FALSE,,"戰鬥盾牌
白銀弩
紅守護褲
綠守護褲
褐貴族褲
鋰礦名弓手套
黃月鞋
黑守護褲"
9410011,Jr. Pepe Doll,小企鵝王玩偶,36,1400,35,10,120,80,0,85,120,10,81,20,FALSE,,"刺槍
力量母礦
小企鹅王娃娃
披風智力卷軸100%
活力藥水
白色藥水
白魔道之帽
紅星魔法帽
藍守護之褲
赤紅護腕
黃金盜賊手套
黃金月長靴"
9410013,Doll Vending Machine,變身娃娃機,60,6000,400,-15,210,180,225,190,155,20,280,600,FALSE,,"菇菇宝贝玩偶
太極扇
橘色藥水
活力藥水
白十字鎖子甲
綠守護之服
藍流星鞋
褐貴族之服
黃金褲
黑守護之服"
9410015,Snack Bar,黑輪王,85,230000,1000,-15,480,720,520,660,200,40,4230,5000,TRUE,,"鳳凰刃
封魂之錘
暴風錘
火焰刀
特殊藥水
破天弩弓
黃閃電甲
赤神弓
超級藥水
金剛刃
銀龍槍
雷電斧
霸王劍
魔靈之翼
黃金古代盾牌
黃龍刀"
9420000,Toad,赤蟾蜍,28,720,100,-40,105,60,0,73,115,12,58,1,FALSE,,"Toad Poison
三支槍
山羊弩
彎刀
白色藥水
紅暗影之服
翡赤之杖
藍色藥水
褲、裙防禦卷軸60%
褐雙翼之帽
鋼鐵暴風手套
鋼鐵母礦
鋰礦石母礦
幸運盾牌
星星耳環
黑色利刃"
9420001,Frog,青蛙,8,75,45,-10,52,5,0,10,42,1,17,1,FALSE,,"Yellow Headband
紅皮甲褲
Frog Legs
三角刃
叉槍
天空雪板
披風魔力卷軸100%
木劍
白頭巾
青色運動T恤
紫礦石母礦
紅色藥水
藍寶石母礦
藍牛仔短褲
褲、裙防禦卷軸10%
褐安全鞋
鋼鐵斧
鍋蓋
青蛙手套
Scroll for Shoes for Jump 30%"
9420002,Python,大蛇王,60,6000,200,-70,200,160,190,220,150,22,230,1,FALSE,,"Snake Skin
Snake Scale
古老朱礦盾
指虎攻擊卷軸60%
舊青銅諾曼頭盔
活力藥水
灰飛影之服
灰飛影之褲
特殊藥水
石榴石母礦
紫礦石母礦
紫飛魂鞋
紫龍皮鞋
藍天上之衣
藍寶手甲
藍箭魂鞋
赤月
赤月手套
赤月褲
赤紅戰神拳套
金蛇劍
銀的母礦
黃金封印手套
黑和平之帽
黑神聖服
黑封印手套
黑戰神拳套
黑色魔法披風
黑黃金法冠"
9420003,Red Lizard,紅色蜥蜴,40,1920,120,-20,124,110,0,130,65,15,95,1,FALSE,,"Lizard Tongue
Scroll for Helmet for DEF 100%
朱礦方盾
朱礦石母礦
白色藥水
火槍攻擊卷軸60%
紫金月鞋
流星
紅色武士頭盔
藍星光長袍
藍色藥水
藍鐵頭盔
褐精靈鞋
鞋子跳躍卷軸10%
黃月鞋
黃沙之劍
黃金勇氣手套
黑海盜頭巾"
9420004,Yellow Lizard,黃色蜥蜴,25,500,55,-15,90,20,0,30,50,8,46,1,FALSE,,"Kid's Key
Lizard Tail
動物皮
朱礦石母礦
槍命中卷軸60%
橘色藥水
紅敏捷褲
紅金寂靜之褲
藍色術士帽
藍色藥水
褐貴族之服
褐魔道之帽
風輪長杖
鋰礦石母礦
錘珠耳環"
9420005,White Rooster,白雞,15,230,25,0,82,11,0,40,45,5,28,1,FALSE,,"White Egg
Chicken
單手斧攻擊卷軸10%
戰鬥盾牌
木球棍
法師短杖
祖母綠母礦
紅色藥水
綠守護之服
綠守護之服
綠守護之褲
綠打獵服
綠打獵服
藍唐衫褲
藍色藥水
蛋白石母礦
鐵瓜錘
長槍"
9420501,Freezer,異型滅火器,42,2300,10,-14,125,100,0,200,85,18,80,1,FALSE,,"披風敏捷卷軸60%
暴風弓
製作長槍的催化劑
格鬥斧
求救信
海豹肉
特殊藥水
白色藥水
製作短劍的催化劑
綠守護之服
綠守護褲
綠星光長袍
綠貴族軟帽
褐色皮製遠洋帽
藍色藥水
藍色骷髏頭盔
鑽石母礦
鋰礦十字軍帽
骷髏耳環
黃金母礦
黃陽
黃陽褲
黑暗之影
黑暗之褲
黑暗母礦"
9500109,Ratz,白色發條鼠,32,1000,0,-5,102,65,0,75,90,13,65,0,FALSE,,"One Handed Mace Forging Stimulator
One Handed Axe Forging Stimulator
Brown Paulie Boots
偃月刃
力量母礦
動物皮
半白武褲
雙手棍命中卷軸60%
大斧
海藍石母礦
白色藥水
矛攻擊卷軸60%
紫礦石母礦
紅守護手套
綠假面帽
捕鼠器
藍色藥水
褐雙翼之帽
古代錘
鋼鐵母礦
銀鏈鞋
製作長杖的催化劑
青銅名弓手套"
9500110,Star Pixie,星光精靈,35,1300,100,0,120,100,130,100,145,21,72,100,FALSE,,"Blue White Lined Boots
Star Pixie's Starpiece
Bottomwear Production Stimulator
戰鬥盾牌
Scroll for Cape for STR 100%
披風防禦力卷軸10%
指虎命中卷軸60%
智慧母礦
暴風弓
海藍水手頭巾
海神叉
白色藥水
盾牌防禦卷軸10%
製作矛的催化劑
製作短劍的催化劑
石榴石母礦
堅硬的羽毛
紅守護之服
紅守護褲
紅防風帽
綠錦絲鞋
藍色藥水
藍色雨傘
藍魔道之帽
褐色月光服
鋼製機器手套
鋼鐵母礦
鍋蓋
魔法石
黃沙之劍
黑擊中手套"
9500306,Mano,紅寶王,20,10000,30,-40,90,20,0,30,60,8,120,1,TRUE,,"Brown Pitz Bandana
褐色木鞋
上衣力量卷軸60%
上衣防禦卷軸10%
上衣防禦卷軸60%
套服敏捷卷軸60%
Scroll for One-Handed Axe for Accuracy10%
單手棍攻擊卷軸60%
雙手劍攻擊卷軸60%
頭盔防禦卷軸10%
頭盔防禦卷軸60%
彈丸
披風智力卷軸60%
指虎攻擊卷軸60%
海星鏢
褐色海盜服
清晨之露
白紋短手套
白魔者之袍
盾牌生命卷軸10%
矛命中卷軸10%
短劍攻擊卷軸10%
短杖魔力卷軸10%
短杖魔力卷軸60%
火槍攻擊卷軸10%
紅打獵服
紅皮製長靴
紅色法師帽
紅魔者之袍
紅騎士甲
綠敏捷之服
耳環智力卷軸10%
耳環智力卷軸60%
Scroll for Belt for DEX 100%
Scroll for Belt for LUK 100%
褲、裙防禦卷軸60%
褐色堅固皮手腕
長杖魔力卷軸60%
Bronze mesos bag
黃金騎士頭盔
黑軍官鎧甲
黑命中手套
黑戰鬥鞋
黑獵人帽
黑獵人服
黑提貝之帽
黑敏捷之服
黑精神手套
黑賢者手套
黑追擊鞋
黑飄風鞋"
9500321,Snowman,雪人,90,1291000,100,0,10,10,10,10,-25,1,0,10,FALSE,,"Soft White Bun
吸血鬼之爪
套服敏捷卷軸60%
坲羅劍
怒濤之杖
冷凍金槍魚
頭盔智力卷軸10%
佛羅利刃
雪球
飛翔斧
雙利刃斧
手套攻擊卷軸60%
手套敏捷卷軸60%
披風生命卷軸10%
披風智力卷軸10%
披風智力卷軸60%
披風防禦力卷軸60%
指虎攻擊卷軸100%
槍命中卷軸10%
橙色滑雪板
鐳奧釘錘
玫瑰耳環
盾牌生命卷軸60%
盾牌防禦卷軸60%
Scroll for Eye Accessory for DEX 10%
Scroll for Eye Accessory for LUK 10%
短劍攻擊卷軸10%
短杖魔力卷軸10%
短杖魔力卷軸60%
可撒之弩
紅色滑雪板
綠色滑雪板
耳環幸運卷軸10%
藍色滑雪板
卡帝斯拳套
褲、裙防禦卷軸60%
金圓盾
鋼鐵弩箭
Silver mesos bag
長杖魔力卷軸10%
長杖魔力卷軸60%
毀滅之鎚
Bronze mesos bag
鞋子敏捷卷軸60%
格洛斧
霸傑之刃
梅杜斯
調停者"
9600001,Rooster,鬥雞,20,340,30,-10,85,10,0,20,55,7,33,1,FALSE,,"上衣防禦卷軸60%
橘色藥水
石榴石母礦
堅硬的羽毛
紫水晶母礦
紅伽藍
紅桃樂絲鞋
藍命中手套
藍色藥水
鋰狂斧
青銅鋼盔
魔力藥水
黑伽藍裙"
9600002,Duck,大眼鴨,22,380,35,-5,90,20,0,20,55,7,37,1,FALSE,,"雙手棍攻擊卷軸10%
強效魔力水
手套敏捷卷軸10%
橘色藥水
海盜劍
海藍石母礦
堅硬的羽毛
紫硬皮裝
紫硬皮裙
綠色魔法帽
耳環智力卷軸10%
藍色藥水
褲、裙防禦卷軸60%
銀戰鬥鞋
鋰礦戟
青銅母礦
青銅精神手套"
9600003,Sheep,綿羊,25,550,50,-5,95,20,0,30,50,8,42,1,FALSE,,"三支槍
動物皮
披風生命卷軸60%
棒棒果
橘色藥水
堅硬的羽毛
紫礦機器手套
綠羽翼帽
Scroll for Earring for LUK 60%
藍寶石母礦
藍色藥水
幸運盾牌
黃晶母礦
黃飄風鞋
黑敏捷之服
黑敏捷之褲
黑色利刃"
9600004,Goat,山羊,30,900,0,-10,100,40,0,40,65,12,58,1,FALSE,,"動物皮
大錘
弓攻擊卷軸60%
披風幸運卷軸10%
攻擊藥水
法師短杖
白色藥水
堅硬的羽毛
紅守護手套
綠錦絲鞋
耳環智力卷軸10%
藍護身鎧甲
藍色藥水
鋼鐵母礦
鋰礦石母礦
黑提貝之帽
土飛鏢"
9600005,Black Goat,黑山羊,35,1250,50,-10,120,60,0,50,65,12,71,1,FALSE,,"動物皮
單手棍攻擊卷軸60%
弓攻擊卷軸60%
披風防禦力卷軸60%
朱礦石母礦
槍騎士頭盔
格鬥斧
白色藥水
祖母綠母礦
堅硬的羽毛
流星
藍勇氣手套
藍色月光服
藍色藥水
金耳環"
9600006,Cow,牛,33,1200,0,-40,110,50,0,40,60,12,66,1,FALSE,,"動物皮
雙手棍攻擊卷軸10%
命中藥水
披風智力卷軸10%
槍攻擊卷軸60%
白色藥水
盾牌防禦卷軸10%
短杖魔力卷軸10%
祖母綠母礦
堅硬的羽毛
紅盜賊手套
紅帆布鞋
翡赤之杖
藍色藥水
蛋白石母礦
鋁球棍
金飛鏢
黑守護之服
黑守護褲
黑色術士帽"
9600007,Plow Ox,犁杖牛,38,1800,0,-10,120,105,0,120,100,20,86,1,FALSE,,"Black Adventurer Cape
動物皮
披風智力卷軸10%
披風魔力卷軸10%
暗影刃
暴風弓
貓眼耳環
白色藥水
短杖魔力卷軸60%
堅硬的羽毛
紫飛影甲
綠雙翼之帽
藍色藥水
鋼鐵長手套
鑽石母礦
長杖魔力卷軸60%
金飛鏢
鞋子跳躍卷軸60%
黃月鞋
黃金母礦"
9600008,Black Sheep,黑綿羊,37,1500,100,0,115,100,125,115,90,18,79,1,FALSE,,"動物皮
大斧
朱礦護腕
白色藥水
短劍攻擊卷軸60%
石榴石母礦
堅硬的羽毛
紅精靈手套
藍色藥水
褐精靈鞋
銀的母礦
鞋子速度卷軸10%
黑假面帽
黑色利刃
黑鎮月裙
黑鎮月鎧甲"
9600009,Giant Centipede,蜈蚣大王,77,284260,200,-20,320,300,340,150,150,27,108,1000,TRUE,,"Centipede Red Marble
Red Adventurer Cape
上衣防禦卷軸60%
套服敏捷卷軸60%
套服防禦卷軸60%
鳳凰刃
單手劍攻擊卷軸60%
單手斧攻擊卷軸60%
單手棍攻擊卷軸60%
雙手劍攻擊卷軸60%
雙手斧攻擊卷軸60%
Scroll for Two-Handed BW for ATT 60%
頭盔生命卷軸60%
頭盔防禦卷軸60%
封魂之錘
弓攻擊卷軸60%
弩攻擊卷軸60%
手套攻擊卷軸60%
手套敏捷卷軸60%
披風防禦力卷軸60%
披風防禦力卷軸60%
拳套攻擊卷軸60%
暴風錘
槍攻擊卷軸60%
火焰刀
愛心耳環
特殊藥水
盾牌防禦卷軸60%
矛攻擊卷軸60%
短劍攻擊卷軸60%
短杖魔力卷軸60%
破天弩弓
黃金斧
黃閃電甲
耳環智力卷軸60%
Scroll for Face Accessory for STR 100%
Scroll for Face Accessory for DEX 100%
Scroll for Face Accessory for INT 100%
Scroll for Face Accessory for LUK 100%
褲、裙防禦卷軸60%
赤神弓
超級藥水
金剛刃
雷之鏢
Silver mesos bag
銀龍槍
長杖魔力卷軸60%
雷電斧
霸王劍
鞋子速度卷軸60%
魔靈之翼
黃金古代盾牌
黃龍刀"
